rank,Name,Team,POS,Salary,Years,Total_Value,Avg_Annual,Contract_Length,Years_Active,Years_Signed,int_value,int_annual,int_salary
--,Mike Trout,LAA,OF,"$34,083,333",6 (2015-20),"$144,500,000","$24,083,333",6,2015-20,2015,144500000,24083333,34083333
--,Clayton Kershaw,LAD,SP,"$34,000,000",7 (2014-20),"$215,000,000","$30,714,286",7,2014-20,2014,215000000,30714286,34000000
--,Zack Greinke,ARI,SP,"$31,954,483",6 (2016-21),"$206,500,000","$34,416,667",6,2016-21,2016,206500000,34416667,31954483
--,Jake Arrieta,PHI,SP,"$30,000,000",3 (2018-20),"$75,000,000","$25,000,000",3,2018-20,2018,75000000,25000000,30000000
--,David Price,BOS,SP,"$30,000,000",7 (2016-22),"$217,000,000","$31,000,000",7,2016-22,2016,217000000,31000000,30000000
--,Miguel Cabrera,DET,1B,"$30,000,000",10 (2014-23),"$292,000,000","$29,200,000",10,2014-23,2014,292000000,29200000,30000000
--,Yoenis Cespedes,NYM,OF,"$29,000,000",4 (2017-20),"$110,000,000","$27,500,000",4,2017-20,2017,110000000,27500000,29000000
--,Justin Verlander,HOU,SP,"$28,000,000",7 (2013-19),"$180,000,000","$25,714,286",7,2013-19,2013,180000000,25714286,28000000
--,Jon Lester,CHC,SP,"$27,500,000",6 (2015-20),"$155,000,000","$25,833,333",6,2015-20,2015,155000000,25833333,27500000
--,Albert Pujols,LAA,1B,"$27,000,000",10 (2012-21),"$240,000,000","$24,000,000",10,2012-21,2012,240000000,24000000,27000000
--,Felix Hernandez,SEA,SP,"$26,857,143",7 (2013-19),"$175,000,000","$25,000,000",7,2013-19,2013,175000000,25000000,26857143
--,Jason Heyward,CHC,OF,"$26,055,288",8 (2016-23),"$184,000,000","$23,000,000",8,2016-23,2016,184000000,23000000,26055288
--,Yu Darvish,CHC,SP,"$25,000,000",6 (2018-23),"$126,000,000","$21,000,000",6,2018-23,2018,126000000,21000000,25000000
--,Joey Votto,CIN,1B,"$25,000,000",10 (2014-23),"$225,000,000","$22,500,000",10,2014-23,2014,225000000,22500000,25000000
--,Giancarlo Stanton,NYY,OF,"$25,000,000",13 (2015-27),"$325,000,000","$25,000,000",13,2015-27,2015,325000000,25000000,25000000
--,Robinson Cano,SEA,2B,"$24,000,000",10 (2014-23),"$240,000,000","$24,000,000",10,2014-23,2014,240000000,24000000,24000000
--,Jordan Zimmermann,DET,SP,"$24,000,000",5 (2016-20),"$110,000,000","$22,000,000",5,2016-20,2016,110000000,22000000,24000000
--,J.D. Martinez,BOS,OF,"$23,750,000",5 (2018-22),"$110,000,000","$22,000,000",5,2018-22,2018,110000000,22000000,23750000
--,Josh Donaldson,TOR,3B,"$23,000,000",1 (2018),"$23,000,000","$23,000,000",1,2018,2018,23000000,23000000,23000000
--,Joe Mauer,MIN,1B,"$23,000,000",8 (2011-18),"$184,000,000","$23,000,000",8,2011-18,2011,184000000,23000000,23000000
--,Hanley Ramirez,BOS,1B,"$22,750,000",4 (2015-18),"$88,000,000","$22,000,000",4,2015-18,2015,88000000,22000000,22750000
--,Johnny Cueto,SF,SP,"$22,666,666",6 (2016-21),"$130,000,000","$21,666,667",6,2016-21,2016,130000000,21666667,22666666
--,Cole Hamels,TEX,SP,"$22,500,000",6 (2013-18),"$144,000,000","$24,000,000",6,2013-18,2013,144000000,24000000,22500000
--,Adrian Gonzalez,NYM,1B,"$22,357,142",7 (2012-18),"$154,000,000","$22,000,000",7,2012-18,2012,154000000,22000000,22357142
--,Buster Posey,SF,C,"$22,177,778",9 (2013-21),"$167,000,000","$18,555,556",9,2013-21,2013,167000000,18555556,22177778
--,Max Scherzer,WSH,SP,"$22,142,857",7 (2015-21),"$210,000,000","$30,000,000",7,2015-21,2015,210000000,30000000,22142857
--,Yadier Molina,STL,C,"$22,000,000",3 (2018-20),"$62,000,000","$20,666,667",3,2018-20,2018,62000000,20666667,22000000
--,Ian Desmond,COL,1B,"$22,000,000",5 (2017-21),"$70,000,000","$14,000,000",5,2017-21,2017,70000000,14000000,22000000
--,Masahiro Tanaka,NYY,SP,"$22,000,000",7 (2014-20),"$155,000,000","$22,142,857",7,2014-20,2014,155000000,22142857,22000000
--,Jacoby Ellsbury,NYY,OF,"$21,857,142",7 (2014-20),"$153,000,000","$21,857,143",7,2014-20,2014,153000000,21857143,21857142
--,Bryce Harper,WSH,OF,"$21,625,000",1 (2018),"$21,625,000","$21,625,000",1,2018,2018,21625000,21625000,21625000
--,Eric Hosmer,SD,1B,"$21,625,000",8 (2018-25),"$144,000,000","$18,000,000",8,2018-25,2018,144000000,18000000,21625000
--,Matt Kemp,LAD,OF,"$21,500,000",8 (2012-19),"$160,000,000","$20,000,000",8,2012-19,2012,160000000,20000000,21500000
--,Freddie Freeman,ATL,1B,"$21,359,375",8 (2014-21),"$135,000,000","$16,875,000",8,2014-21,2014,135000000,16875000,21359375
--,James Shields,CWS,SP,"$21,250,000",4 (2015-18),"$75,000,000","$18,750,000",4,2015-18,2015,75000000,18750000,21250000
--,Chris Davis,BAL,1B,"$21,169,326",7 (2016-22),"$161,000,000","$23,000,000",7,2016-22,2016,161000000,23000000,21169326
--,Rick Porcello,BOS,SP,"$21,125,000",4 (2016-19),"$82,500,000","$20,625,000",4,2016-19,2016,82500000,20625000,21125000
--,Homer Bailey,CIN,SP,"$21,000,000",6 (2014-19),"$105,000,000","$17,500,000",6,2014-19,2014,105000000,17500000,21000000
--,Alex Gordon,KC,OF,"$21,000,000",4 (2016-19),"$72,000,000","$18,000,000",4,2016-19,2016,72000000,18000000,21000000
--,Russell Martin,TOR,C,"$20,000,000",5 (2015-19),"$82,000,000","$16,400,000",5,2015-19,2015,82000000,16400000,20000000
--,Troy Tulowitzki,TOR,SS,"$20,000,000",10 (2011-20),"$157,750,000","$15,775,000",10,2011-20,2011,157750000,15775000,20000000
--,Shin-Soo Choo,TEX,OF,"$20,000,000",7 (2014-20),"$130,000,000","$18,571,429",7,2014-20,2014,130000000,18571429,20000000
--,Jeff Samardzija,SF,SP,"$19,800,000",5 (2016-20),"$90,000,000","$18,000,000",5,2016-20,2016,90000000,18000000,19800000
--,Pablo Sandoval,SF,3B,"$19,600,000",1 (2018),"$19,600,000","$19,600,000",1,2018,2018,19600000,19600000,19600000
--,Adam Wainwright,STL,SP,"$19,500,000",5 (2014-18),"$97,500,000","$19,500,000",5,2014-18,2014,97500000,19500000,19500000
--,David Wright,NYM,3B,"$19,399,744",8 (2013-20),"$138,000,000","$17,250,000",8,2013-20,2013,138000000,17250000,19399744
--,Ryan Braun,MIL,OF,"$19,088,823",13 (2008-20),"$150,000,000","$11,538,462",13,2008-20,2008,150000000,11538462,19088823
--,Kyle Seager,SEA,3B,"$19,000,000",7 (2015-21),"$100,000,000","$14,285,714",7,2015-21,2015,100000000,14285714,19000000
--,Hunter Pence,SF,OF,"$18,700,000",5 (2014-18),"$90,000,000","$18,000,000",5,2014-18,2014,90000000,18000000,18700000
--,Edwin Encarnacion,CLE,DH,"$18,666,667",3 (2017-19),"$60,000,000","$20,000,000",3,2017-19,2017,60000000,20000000,18666667
--,Carlos Santana,PHI,1B,"$18,500,000",3 (2018-20),"$60,000,000","$20,000,000",3,2018-20,2018,60000000,20000000,18500000
--,Mike Leake,SEA,SP,"$18,000,000",5 (2016-20),"$80,000,000","$16,000,000",5,2016-20,2016,80000000,16000000,18000000
--,Adrian Beltre,TEX,3B,"$18,000,000",2 (2017-18),"$36,000,000","$18,000,000",2,2017-18,2017,36000000,18000000,18000000
--,Victor Martinez,DET,DH,"$18,000,000",4 (2015-18),"$68,000,000","$17,000,000",4,2015-18,2015,68000000,17000000,18000000
--,Nolan Arenado,COL,3B,"$17,750,000",2 (2017-18),"$29,500,000","$14,750,000",2,2017-18,2017,29500000,14750000,17750000
--,Justin Upton,LAA,OF,"$17,700,000",5 (2018-22),"$106,000,000","$21,200,000",5,2018-22,2018,106000000,21200000,17700000
--,Daniel Murphy,WSH,2B,"$17,500,000",3 (2016-18),"$37,500,000","$12,500,000",3,2016-18,2016,37500000,12500000,17500000
--,Adam Jones,BAL,OF,"$17,393,152",6 (2013-18),"$85,500,000","$14,250,000",6,2013-18,2013,85500000,14250000,17393152
--,Brandon Belt,SF,1B,"$17,200,000",5 (2017-21),"$72,800,000","$14,560,000",5,2017-21,2017,72800000,14560000,17200000
--,Aroldis Chapman,NYY,RP,"$17,200,000",5 (2017-21),"$86,000,000","$17,200,000",5,2017-21,2017,86000000,17200000,17200000
--,Brian McCann,HOU,C,"$17,000,000",5 (2014-18),"$85,000,000","$17,000,000",5,2014-18,2014,85000000,17000000,17000000
--,Rich Hill,LAD,SP,"$16,666,667",3 (2017-19),"$48,000,000","$16,000,000",3,2017-19,2017,48000000,16000000,16666667
--,Dexter Fowler,STL,OF,"$16,500,000",5 (2017-21),"$82,500,000","$16,500,000",5,2017-21,2017,82500000,16500000,16500000
--,Ben Zobrist,CHC,2B,"$16,500,000",4 (2016-19),"$56,000,000","$14,000,000",4,2016-19,2016,56000000,14000000,16500000
--,Stephen Strasburg,WSH,SP,"$16,428,571",7 (2017-23),"$175,000,000","$25,000,000",7,2017-23,2017,175000000,25000000,16428571
--,Wade Davis,COL,RP,"$16,333,333",3 (2018-20),"$52,000,000","$17,333,333",3,2018-20,2018,52000000,17333333,16333333
--,Manny Machado,BAL,SS,"$16,000,000",1 (2018),"$16,000,000","$16,000,000",1,2018,2018,16000000,16000000,16000000
--,Ian Kennedy,KC,SP,"$16,000,000",5 (2016-20),"$70,000,000","$14,000,000",5,2016-20,2016,70000000,14000000,16000000
--,Dustin Pedroia,BOS,2B,"$15,521,686",8 (2014-21),"$110,000,000","$13,750,000",8,2014-21,2014,110000000,13750000,15521686
--,Elvis Andrus,TEX,SS,"$15,333,333",8 (2015-22),"$120,000,000","$15,000,000",8,2015-22,2015,120000000,15000000,15333333
--,Brandon Crawford,SF,SS,"$15,200,000",6 (2016-21),"$75,000,000","$12,500,000",6,2016-21,2016,75000000,12500000,15200000
--,Mark Melancon,SF,RP,"$15,000,000",4 (2017-20),"$62,000,000","$15,500,000",4,2017-20,2017,62000000,15500000,15000000
--,Andrew McCutchen,SF,OF,"$14,750,000",1 (2018),"$14,750,000","$14,750,000",1,2018,2018,14750000,14750000,14750000
--,Evan Longoria,SF,3B,"$14,500,000",6 (2017-22),"$100,000,000","$16,666,667",6,2017-22,2017,100000000,16666667,14500000
--,Ryan Zimmerman,WSH,1B,"$14,333,333",6 (2014-19),"$100,000,000","$16,666,667",6,2014-19,2014,100000000,16666667,14333333
--,Nelson Cruz,SEA,DH,"$14,250,000",4 (2015-18),"$57,000,000","$14,250,000",4,2015-18,2015,57000000,14250000,14250000
--,Matt Carpenter,STL,1B,"$14,083,333",6 (2014-19),"$52,000,000","$8,666,667",6,2014-19,2014,52000000,8666667,14083333
--,Lorenzo Cain,MIL,OF,"$14,000,000",5 (2018-22),"$80,000,000","$16,000,000",5,2018-22,2018,80000000,16000000,14000000
--,Alex Cobb,BAL,SP,"$14,000,000",4 (2018-21),"$57,000,000","$14,250,000",4,2018-21,2018,57000000,14250000,14000000
--,Charlie Blackmon,COL,OF,"$14,000,000",1 (2018),"$14,000,000","$14,000,000",1,2018,2018,14000000,14000000,14000000
--,Danny Duffy,KC,SP,"$14,000,000",5 (2017-21),"$65,000,000","$13,000,000",5,2017-21,2017,65000000,13000000,14000000
--,Craig Kimbrel,BOS,RP,"$13,900,000",1 (2018),"$13,900,000","$13,900,000",1,2018,2018,13900000,13900000,13900000
--,Jason Kipnis,CLE,2B,"$13,666,667",6 (2014-19),"$52,500,000","$8,750,000",6,2014-19,2014,52500000,8750000,13666667
--,Martin Prado,MIA,3B,"$13,500,000",3 (2017-19),"$40,000,000","$13,333,333",3,2017-19,2017,40000000,13333333,13500000
--,Ervin Santana,MIN,SP,"$13,500,000",4 (2015-18),"$55,000,000","$13,750,000",4,2015-18,2015,55000000,13750000,13500000
--,Dallas Keuchel,HOU,SP,"$13,200,000",1 (2018),"$13,200,000","$13,200,000",1,2018,2018,13200000,13200000,13200000
--,Phil Hughes,MIN,RP,"$13,200,000",5 (2015-19),"$58,000,000","$11,600,000",5,2015-19,2015,58000000,11600000,13200000
--,Devin Mesoraco,CIN,C,"$13,125,000",4 (2015-18),"$28,000,000","$7,000,000",4,2015-18,2015,28000000,7000000,13125000
--,Josh Reddick,HOU,OF,"$13,000,000",4 (2017-20),"$52,000,000","$13,000,000",4,2017-20,2017,52000000,13000000,13000000
--,J.A. Happ,TOR,SP,"$13,000,000",3 (2016-18),"$36,000,000","$12,000,000",3,2016-18,2016,36000000,12000000,13000000
--,Marco Estrada,TOR,SP,"$13,000,000",1 (2018),"$13,000,000","$13,000,000",1,2018,2018,13000000,13000000,13000000
--,Chase Headley,SD,3B,"$13,000,000",4 (2015-18),"$52,000,000","$13,000,000",4,2015-18,2015,52000000,13000000,13000000
--,Jose Abreu,CWS,1B,"$13,000,000",1 (2018),"$13,000,000","$13,000,000",1,2018,2018,13000000,13000000,13000000
--,David Robertson,NYY,RP,"$13,000,000",4 (2015-18),"$46,000,000","$11,500,000",4,2015-18,2015,46000000,11500000,13000000
--,Zack Cozart,LAA,3B,"$12,666,666",3 (2018-20),"$38,000,000","$12,666,667",3,2018-20,2018,38000000,12666667,12666666
--,Tyler Chatwood,CHC,SP,"$12,500,000",3 (2018-20),"$38,000,000","$12,666,667",3,2018-20,2018,38000000,12666667,12500000
--,Chris Sale,BOS,SP,"$12,500,000",1 (2018),"$12,500,000","$12,500,000",1,2018,2018,12500000,12500000,12500000
--,Denard Span,TB,OF,"$12,333,333",3 (2016-18),"$31,000,000","$10,333,333",3,2016-18,2016,31000000,10333333,12333333
--,Anthony Rendon,WSH,3B,"$12,300,000",1 (2018),"$12,300,000","$12,300,000",1,2018,2018,12300000,12300000,12300000
--,Mark Trumbo,BAL,DH,"$12,274,428",3 (2017-19),"$36,887,268","$12,295,756",3,2017-19,2017,36887268,12295756,12274428
--,George Springer,HOU,OF,"$12,000,000",2 (2018-19),"$24,000,000","$12,000,000",2,2018-19,2018,24000000,12000000,12000000
--,Yulieski Gurriel,HOU,1B,"$12,000,000",5 (2016-20),"$47,500,000","$9,500,000",5,2016-20,2016,47500000,9500000,12000000
--,Justin Turner,LAD,3B,"$12,000,000",4 (2017-20),"$64,000,000","$16,000,000",4,2017-20,2017,64000000,16000000,12000000
--,Madison Bumgarner,SF,SP,"$12,000,000",1 (2018),"$12,000,000","$12,000,000",1,2018,2018,12000000,12000000,12000000
--,Michael Brantley,CLE,OF,"$12,000,000",1 (2018),"$12,000,000","$12,000,000",1,2018,2018,12000000,12000000,12000000
--,Gio Gonzalez,WSH,SP,"$12,000,000",1 (2018),"$12,000,000","$12,000,000",1,2018,2018,12000000,12000000,12000000
--,Zach Britton,BAL,RP,"$12,000,000",1 (2018),"$12,000,000","$12,000,000",1,2018,2018,12000000,12000000,12000000
--,Lance Lynn,MIN,SP,"$12,000,000",1 (2018),"$12,000,000","$12,000,000",1,2018,2018,12000000,12000000,12000000
--,Brett Gardner,NYY,OF,"$12,000,000",4 (2015-18),"$52,000,000","$13,000,000",4,2015-18,2015,52000000,13000000,12000000
--,Carlos Martinez,STL,SP,"$11,800,000",5 (2017-21),"$51,000,000","$10,200,000",5,2017-21,2017,51000000,10200000,11800000
--,Brandon McCarthy,ATL,SP,"$11,500,000",4 (2015-18),"$48,000,000","$12,000,000",4,2015-18,2015,48000000,12000000,11500000
--,Paul Goldschmidt,ARI,1B,"$11,083,333",5 (2014-18),"$32,000,000","$6,400,000",5,2014-18,2014,32000000,6400000,11083333
--,Andrelton Simmons,LAA,SS,"$11,000,000",7 (2014-20),"$58,000,000","$8,285,714",7,2014-20,2014,58000000,8285714,11000000
--,Ian Kinsler,LAA,2B,"$11,000,000",1 (2018),"$11,000,000","$11,000,000",1,2018,2018,11000000,11000000,11000000
--,Kendrys Morales,TOR,DH,"$11,000,000",3 (2017-19),"$33,000,000","$11,000,000",3,2017-19,2017,33000000,11000000,11000000
--,Nick Markakis,ATL,OF,"$11,000,000",4 (2015-18),"$44,000,000","$11,000,000",4,2015-18,2015,44000000,11000000,11000000
--,Dee Gordon,SEA,OF,"$11,000,000",5 (2016-20),"$50,000,000","$10,000,000",5,2016-20,2016,50000000,10000000,11000000
--,Starlin Castro,MIA,2B,"$11,000,000",7 (2013-19),"$60,000,000","$8,571,429",7,2013-19,2013,60000000,8571429,11000000
--,Jay Bruce,NYM,OF,"$11,000,000",3 (2018-20),"$39,000,000","$13,000,000",3,2018-20,2018,39000000,13000000,11000000
--,Kris Bryant,CHC,3B,"$10,850,000",1 (2018),"$10,850,000","$10,850,000",1,2018,2018,10850000,10850000,10850000
--,Kenley Jansen,LAD,RP,"$10,800,000",5 (2017-21),"$80,000,000","$16,000,000",5,2017-21,2017,80000000,16000000,10800000
--,Corey Kluber,CLE,SP,"$10,700,000",5 (2015-19),"$38,500,000","$7,700,000",5,2015-19,2015,38500000,7700000,10700000
--,Cody Allen,CLE,RP,"$10,575,000",1 (2018),"$10,575,000","$10,575,000",1,2018,2018,10575000,10575000,10575000
--,Khris Davis,OAK,OF,"$10,500,000",1 (2018),"$10,500,000","$10,500,000",1,2018,2018,10500000,10500000,10500000
--,Brandon Morrow,CHC,RP,"$10,500,000",2 (2018-19),"$21,000,000","$10,500,000",2,2018-19,2018,21000000,10500000,10500000
--,Matt Wieters,WSH,C,"$10,500,000",1 (2018),"$10,500,000","$10,500,000",1,2018,2018,10500000,10500000,10500000
--,Francisco Cervelli,PIT,C,"$10,500,000",3 (2017-19),"$31,000,000","$10,333,333",3,2017-19,2017,31000000,10333333,10500000
--,Josh Harrison,PIT,2B,"$10,500,000",4 (2015-18),"$27,300,000","$6,825,000",4,2015-18,2015,27300000,6825000,10500000
--,Mookie Betts,BOS,OF,"$10,500,000",1 (2018),"$10,500,000","$10,500,000",1,2018,2018,10500000,10500000,10500000
--,Jaime Garcia,TOR,SP,"$10,000,000",1 (2018),"$10,000,000","$10,000,000",1,2018,2018,10000000,10000000,10000000
--,Wei-Yin Chen,MIA,SP,"$10,000,000",5 (2016-20),"$80,000,000","$16,000,000",5,2016-20,2016,80000000,16000000,10000000
--,Gerardo Parra,COL,OF,"$10,000,000",3 (2016-18),"$27,500,000","$9,166,667",3,2016-18,2016,27500000,9166667,10000000
--,Jason Hammel,KC,SP,"$10,000,000",2 (2017-18),"$16,000,000","$8,000,000",2,2017-18,2017,16000000,8000000,10000000
--,CC Sabathia,NYY,SP,"$10,000,000",1 (2018),"$10,000,000","$10,000,000",1,2018,2018,10000000,10000000,10000000
--,Jean Segura,SEA,SS,"$9,800,000",5 (2018-22),"$70,000,000","$14,000,000",5,2018-22,2018,70000000,14000000,9800000
--,Joakim Soria,CWS,RP,"$9,333,333",3 (2016-18),"$25,000,000","$8,333,333",3,2016-18,2016,25000000,8333333,9333333
--,Matt Moore,TEX,SP,"$9,250,000",1 (2018),"$9,250,000","$9,250,000",1,2018,2018,9250000,9250000,9250000
--,AJ Ramos,NYM,RP,"$9,225,000",1 (2018),"$9,225,000","$9,225,000",1,2018,2018,9225000,9225000,9225000
--,Yasiel Puig,LAD,OF,"$9,214,285",7 (2012-18),"$42,000,000","$6,000,000",7,2012-18,2012,42000000,6000000,9214285
--,Ivan Nova,PIT,SP,"$9,166,667",3 (2017-19),"$26,000,000","$8,666,667",3,2017-19,2017,26000000,8666667,9166667
--,Jedd Gyorko,STL,3B,"$9,166,666",6 (2014-19),"$35,510,900","$5,918,483",6,2014-19,2014,35510900,5918483,9166666
--,Jose Altuve,HOU,2B,"$9,000,000",7 (2018-24),"$163,500,000","$23,357,143",7,2018-24,2018,163500000,23357143,9000000
--,Marcell Ozuna,STL,OF,"$9,000,000",1 (2018),"$9,000,000","$9,000,000",1,2018,2018,9000000,9000000,9000000
--,Logan Forsythe,LAD,2B,"$9,000,000",1 (2018),"$9,000,000","$9,000,000",1,2018,2018,9000000,9000000,9000000
--,Andrew Miller,CLE,RP,"$9,000,000",4 (2015-18),"$36,000,000","$9,000,000",4,2015-18,2015,36000000,9000000,9000000
--,Brad Ziegler,MIA,RP,"$9,000,000",2 (2017-18),"$16,000,000","$8,000,000",2,2017-18,2017,16000000,8000000,9000000
--,Tommy Hunter,PHI,RP,"$9,000,000",2 (2018-19),"$18,000,000","$9,000,000",2,2018-19,2018,18000000,9000000,9000000
--,Brian Dozier,MIN,2B,"$9,000,000",4 (2015-18),"$20,000,000","$5,000,000",4,2015-18,2015,20000000,5000000,9000000
--,Darren O'Day,BAL,RP,"$8,854,712",4 (2016-19),"$31,000,000","$7,750,000",4,2016-19,2016,31000000,7750000,8854712
--,Jose Quintana,CHC,SP,"$8,850,000",5 (2014-18),"$21,000,000","$4,200,000",5,2014-18,2014,21000000,4200000,8850000
--,Kole Calhoun,LAA,OF,"$8,833,333",3 (2017-19),"$26,000,000","$8,666,667",3,2017-19,2017,26000000,8666667,8833333
--,Jhoulys Chacin,MIL,SP,"$8,750,000",2 (2018-19),"$15,500,000","$7,750,000",2,2018-19,2018,15500000,7750000,8750000
--,Carlos Carrasco,CLE,SP,"$8,750,000",4 (2015-18),"$22,000,000","$5,500,000",4,2015-18,2015,22000000,5500000,8750000
--,Salvador Perez,KC,C,"$8,700,000",6 (2016-21),"$54,500,000","$9,083,333",6,2016-21,2016,54500000,9083333,8700000
--,Jonathan Schoop,BAL,2B,"$8,500,000",1 (2018),"$8,500,000","$8,500,000",1,2018,2018,8500000,8500000,8500000
--,Wilson Ramos,TB,C,"$8,500,000",2 (2017-18),"$12,500,000","$6,250,000",2,2017-18,2017,12500000,6250000,8500000
--,Drew Pomeranz,BOS,SP,"$8,500,000",1 (2018),"$8,500,000","$8,500,000",1,2018,2018,8500000,8500000,8500000
--,DJ LeMahieu,COL,2B,"$8,500,000",1 (2018),"$8,500,000","$8,500,000",1,2018,2018,8500000,8500000,8500000
--,Mike Minor,TEX,SP,"$8,333,333",3 (2018-20),"$28,000,000","$9,333,333",3,2018-20,2018,28000000,9333333,8333333
--,Luis Valbuena,LAA,1B,"$8,250,000",2 (2017-18),"$15,000,000","$7,500,000",2,2017-18,2017,15000000,7500000,8250000
--,Asdrubal Cabrera,NYM,2B,"$8,250,000",1 (2018),"$8,250,000","$8,250,000",1,2018,2018,8250000,8250000,8250000
--,Addison Reed,MIN,RP,"$8,250,000",2 (2018-19),"$16,750,000","$8,375,000",2,2018-19,2018,16750000,8375000,8250000
--,Didi Gregorius,NYY,SS,"$8,250,000",1 (2018),"$8,250,000","$8,250,000",1,2018,2018,8250000,8250000,8250000
--,Julio Teheran,ATL,SP,"$8,166,666",6 (2014-19),"$32,400,000","$5,400,000",6,2014-19,2014,32400000,5400000,8166666
--,Starling Marte,PIT,OF,"$8,166,666",6 (2014-19),"$31,000,000","$5,166,667",6,2014-19,2014,31000000,5166667,8166666
--,Bryan Shaw,COL,RP,"$8,166,666",3 (2018-20),"$27,000,000","$9,000,000",3,2018-20,2018,27000000,9000000,8166666
--,Pat Neshek,PHI,RP,"$8,125,000",2 (2018-19),"$16,250,000","$8,125,000",2,2018-19,2018,16250000,8125000,8125000
--,Todd Frazier,NYM,3B,"$8,000,000",2 (2018-19),"$17,000,000","$8,500,000",2,2018-19,2018,17000000,8500000,8000000
--,Jason Castro,MIN,C,"$8,000,000",3 (2017-19),"$24,500,000","$8,166,667",3,2017-19,2017,24500000,8166667,8000000
--,Kelvin Herrera,KC,RP,"$7,937,500",1 (2018),"$7,937,500","$7,937,500",1,2018,2018,7937500,7937500,7937500
--,Jeurys Familia,NYM,RP,"$7,925,000",1 (2018),"$7,925,000","$7,925,000",1,2018,2018,7925000,7925000,7925000
--,Yasmani Grandal,LAD,C,"$7,900,000",1 (2018),"$7,900,000","$7,900,000",1,2018,2018,7900000,7900000,7900000
--,Hyun-Jin Ryu,LAD,SP,"$7,833,333",6 (2013-18),"$36,000,000","$6,000,000",6,2013-18,2013,36000000,6000000,7833333
--,Brett Cecil,STL,RP,"$7,750,000",4 (2017-20),"$30,500,000","$7,625,000",4,2017-20,2017,30500000,7625000,7750000
--,A.J. Pollock,ARI,OF,"$7,750,000",1 (2018),"$7,750,000","$7,750,000",1,2018,2018,7750000,7750000,7750000
--,Juan Nicasio,SEA,RP,"$7,750,000",2 (2018-19),"$17,000,000","$8,500,000",2,2018-19,2018,17000000,8500000,7750000
--,Ryan Madson,WSH,RP,"$7,666,667",3 (2016-18),"$22,000,000","$7,333,333",3,2016-18,2016,22000000,7333333,7666667
--,Jake McGee,COL,RP,"$7,666,666",3 (2018-20),"$27,000,000","$9,000,000",3,2018-20,2018,27000000,9000000,7666666
--,Miles Mikolas,STL,SP,"$7,500,000",2 (2018-19),"$15,500,000","$7,750,000",2,2018-19,2018,15500000,7750000,7500000
--,Patrick Corbin,ARI,SP,"$7,500,000",1 (2018),"$7,500,000","$7,500,000",1,2018,2018,7500000,7500000,7500000
--,Yonder Alonso,CLE,1B,"$7,500,000",2 (2018-19),"$16,000,000","$8,000,000",2,2018-19,2018,16000000,8000000,7500000
--,Welington Castillo,CWS,C,"$7,500,000",2 (2018-19),"$15,000,000","$7,500,000",2,2018-19,2018,15000000,7500000,7500000
--,Jacob deGrom,NYM,SP,"$7,400,000",1 (2018),"$7,400,000","$7,400,000",1,2018,2018,7400000,7400000,7400000
--,Mike Dunn,COL,RP,"$7,333,333",3 (2017-19),"$19,000,000","$6,333,333",3,2017-19,2017,19000000,6333333,7333333
--,Garrett Richards,LAA,SP,"$7,300,000",1 (2018),"$7,300,000","$7,300,000",1,2018,2018,7300000,7300000,7300000
--,Anthony Rizzo,CHC,1B,"$7,285,714",7 (2013-19),"$41,000,000","$5,857,143",7,2013-19,2013,41000000,5857143,7285714
--,Xander Bogaerts,BOS,SS,"$7,050,000",1 (2018),"$7,050,000","$7,050,000",1,2018,2018,7050000,7050000,7050000
--,Charlie Morton,HOU,SP,"$7,000,000",2 (2017-18),"$14,000,000","$7,000,000",2,2017-18,2017,14000000,7000000,7000000
--,Joe Smith,HOU,RP,"$7,000,000",2 (2018-19),"$15,000,000","$7,500,000",2,2018-19,2018,15000000,7500000,7000000
--,Christian Yelich,MIL,OF,"$7,000,000",7 (2015-21),"$49,570,000","$7,081,429",7,2015-21,2015,49570000,7081429,7000000
--,Junichi Tazawa,MIA,RP,"$7,000,000",2 (2017-18),"$12,120,000","$6,060,000",2,2017-18,2017,12120000,6060000,7000000
--,Jason Vargas,NYM,SP,"$7,000,000",2 (2018-19),"$16,000,000","$8,000,000",2,2018-19,2018,16000000,8000000,7000000
--,Jerry Blevins,NYM,RP,"$7,000,000",1 (2018),"$7,000,000","$7,000,000",1,2018,2018,7000000,7000000,7000000
--,Adam Ottavino,COL,RP,"$7,000,000",3 (2016-18),"$10,400,000","$3,466,667",3,2016-18,2016,10400000,3466667,7000000
--,Freddy Galvis,SD,SS,"$6,825,000",1 (2018),"$6,825,000","$6,825,000",1,2018,2018,6825000,6825000,6825000
--,Gerrit Cole,HOU,SP,"$6,750,000",1 (2018),"$6,750,000","$6,750,000",1,2018,2018,6750000,6750000,6750000
--,Jordy Mercer,PIT,SS,"$6,750,000",1 (2018),"$6,750,000","$6,750,000",1,2018,2018,6750000,6750000,6750000
--,Evan Gattis,HOU,C,"$6,700,000",1 (2018),"$6,700,000","$6,700,000",1,2018,2018,6700000,6700000,6700000
--,Avisail Garcia,CWS,OF,"$6,700,000",1 (2018),"$6,700,000","$6,700,000",1,2018,2018,6700000,6700000,6700000
--,Trevor Bauer,CLE,SP,"$6,525,000",1 (2018),"$6,525,000","$6,525,000",1,2018,2018,6525000,6525000,6525000
--,Jonathan Lucroy,OAK,C,"$6,500,000",1 (2018),"$6,500,000","$6,500,000",1,2018,2018,6500000,6500000,6500000
--,Marcus Stroman,TOR,SP,"$6,500,000",1 (2018),"$6,500,000","$6,500,000",1,2018,2018,6500000,6500000,6500000
--,Steve Cishek,CHC,RP,"$6,500,000",2 (2018-19),"$13,000,000","$6,500,000",2,2018-19,2018,13000000,6500000,6500000
--,Juan Lagares,NYM,OF,"$6,500,000",5 (2015-19),"$23,553,696","$4,710,739",5,2015-19,2015,23553696,4710739,6500000
--,Mitch Moreland,BOS,1B,"$6,500,000",2 (2018-19),"$13,000,000","$6,500,000",2,2018-19,2018,13000000,6500000,6500000
--,Mike Moustakas,KC,3B,"$6,500,000",1 (2018),"$6,500,000","$6,500,000",1,2018,2018,6500000,6500000,6500000
--,Logan Morrison,MIN,1B,"$6,500,000",1 (2018),"$6,500,000","$6,500,000",1,2018,2018,6500000,6500000,6500000
--,Sonny Gray,NYY,SP,"$6,500,000",1 (2018),"$6,500,000","$6,500,000",1,2018,2018,6500000,6500000,6500000
--,Tanner Roark,WSH,SP,"$6,475,000",1 (2018),"$6,475,000","$6,475,000",1,2018,2018,6475000,6475000,6475000
--,Chris Archer,TB,SP,"$6,458,333",6 (2014-19),"$25,500,000","$4,250,000",6,2014-19,2014,25500000,4250000,6458333
--,Andrew Cashner,BAL,SP,"$6,346,755",2 (2018-19),"$16,000,000","$8,000,000",2,2018-19,2018,16000000,8000000,6346755
--,Adam Eaton,WSH,OF,"$6,300,000",5 (2015-19),"$23,500,000","$4,700,000",5,2015-19,2015,23500000,4700000,6300000
--,Jake Odorizzi,MIN,SP,"$6,300,000",1 (2018),"$6,300,000","$6,300,000",1,2018,2018,6300000,6300000,6300000
--,Jose Iglesias,DET,SS,"$6,275,000",1 (2018),"$6,275,000","$6,275,000",1,2018,2018,6275000,6275000,6275000
--,Steve Pearce,TOR,1B,"$6,250,000",2 (2017-18),"$12,500,000","$6,250,000",2,2017-18,2017,12500000,6250000,6250000
--,Jackie Bradley Jr.,BOS,OF,"$6,100,000",1 (2018),"$6,100,000","$6,100,000",1,2018,2018,6100000,6100000,6100000
--,Kevin Kiermaier,TB,OF,"$6,083,333",6 (2017-22),"$54,000,000","$9,000,000",6,2017-22,2017,54000000,9000000,6083333
--,Nicholas Castellanos,DET,OF,"$6,050,000",1 (2018),"$6,050,000","$6,050,000",1,2018,2018,6050000,6050000,6050000
--,Yan Gomes,CLE,C,"$6,033,333",6 (2014-19),"$23,000,000","$3,833,333",6,2014-19,2014,23000000,3833333,6033333
--,Tony Sipp,HOU,RP,"$6,000,000",3 (2016-18),"$18,000,000","$6,000,000",3,2016-18,2016,18000000,6000000,6000000
--,Jed Lowrie,OAK,2B,"$6,000,000",1 (2018),"$6,000,000","$6,000,000",1,2018,2018,6000000,6000000,6000000
--,Matt Joyce,OAK,OF,"$6,000,000",1 (2018),"$6,000,000","$6,000,000",1,2018,2018,6000000,6000000,6000000
--,Santiago Casilla,OAK,RP,"$6,000,000",2 (2017-18),"$11,000,000","$5,500,000",2,2017-18,2017,11000000,5500000,6000000
--,Alex Wood,LAD,SP,"$6,000,000",1 (2018),"$6,000,000","$6,000,000",1,2018,2018,6000000,6000000,6000000
--,Martin Perez,TEX,SP,"$6,000,000",1 (2018),"$6,000,000","$6,000,000",1,2018,2018,6000000,6000000,6000000
--,Eduardo Nunez,BOS,2B,"$6,000,000",1 (2018),"$6,000,000","$6,000,000",1,2018,2018,6000000,6000000,6000000
--,Mike Fiers,DET,SP,"$6,000,000",1 (2018),"$6,000,000","$6,000,000",1,2018,2018,6000000,6000000,6000000
--,Corey Dickerson,PIT,OF,"$5,950,000",1 (2018),"$5,950,000","$5,950,000",1,2018,2018,5950000,5950000,5950000
--,Adeiny Hechavarria,TB,SS,"$5,900,000",1 (2018),"$5,900,000","$5,900,000",1,2018,2018,5900000,5900000,5900000
--,Pedro Strop,CHC,RP,"$5,850,000",2 (2017-18),"$11,850,000","$5,925,000",2,2017-18,2017,11850000,5925000,5850000
--,Sean Rodriguez,PIT,1B,"$5,750,000",2 (2017-18),"$11,500,000","$5,750,000",2,2017-18,2017,11500000,5750000,5750000
--,Scooter Gennett,CIN,2B,"$5,700,000",1 (2018),"$5,700,000","$5,700,000",1,2018,2018,5700000,5700000,5700000
--,Matt Harvey,NYM,SP,"$5,625,000",1 (2018),"$5,625,000","$5,625,000",1,2018,2018,5625000,5625000,5625000
--,Kevin Gausman,BAL,SP,"$5,600,000",1 (2018),"$5,600,000","$5,600,000",1,2018,2018,5600000,5600000,5600000
--,Lonnie Chisenhall,CLE,OF,"$5,587,500",1 (2018),"$5,587,500","$5,587,500",1,2018,2018,5587500,5587500,5587500
--,David Phelps,SEA,RP,"$5,550,000",1 (2018),"$5,550,000","$5,550,000",1,2018,2018,5550000,5550000,5550000
--,Luke Gregerson,STL,RP,"$5,500,000",2 (2018-19),"$11,000,000","$5,500,000",2,2018-19,2018,11000000,5500000,5500000
--,Marc Rzepczynski,SEA,RP,"$5,500,000",2 (2017-18),"$11,000,000","$5,500,000",2,2017-18,2017,11000000,5500000,5500000
--,Anthony Swarzak,NYM,RP,"$5,500,000",2 (2018-19),"$14,000,000","$7,000,000",2,2018-19,2018,14000000,7000000,5500000
--,Shawn Kelley,WSH,RP,"$5,500,000",3 (2016-18),"$15,000,000","$5,000,000",3,2016-18,2016,15000000,5000000,5500000
--,Eric Thames,MIL,1B,"$5,333,333",3 (2017-19),"$16,000,000","$5,333,333",3,2017-19,2017,16000000,5333333,5333333
--,Roberto Osuna,TOR,RP,"$5,300,000",1 (2018),"$5,300,000","$5,300,000",1,2018,2018,5300000,5300000,5300000
--,Michael Wacha,STL,SP,"$5,300,000",1 (2018),"$5,300,000","$5,300,000",1,2018,2018,5300000,5300000,5300000
--,Alex Colome,TB,RP,"$5,300,000",1 (2018),"$5,300,000","$5,300,000",1,2018,2018,5300000,5300000,5300000
--,Raisel Iglesias,CIN,RP,"$5,214,285",7 (2014-20),"$27,000,000","$3,857,143",7,2014-20,2014,27000000,3857143,5214285
--,Brad Brach,BAL,RP,"$5,165,000",1 (2018),"$5,165,000","$5,165,000",1,2018,2018,5165000,5165000,5165000
--,Marwin Gonzalez,HOU,1B,"$5,125,000",1 (2018),"$5,125,000","$5,125,000",1,2018,2018,5125000,5125000,5125000
--,Cesar Hernandez,PHI,2B,"$5,100,000",1 (2018),"$5,100,000","$5,100,000",1,2018,2018,5100000,5100000,5100000
--,Dellin Betances,NYY,RP,"$5,100,000",1 (2018),"$5,100,000","$5,100,000",1,2018,2018,5100000,5100000,5100000
--,Jim Johnson,LAA,RP,"$5,000,000",2 (2017-18),"$10,000,000","$5,000,000",2,2017-18,2017,10000000,5000000,5000000
--,Collin McHugh,HOU,RP,"$5,000,000",1 (2018),"$5,000,000","$5,000,000",1,2018,2018,5000000,5000000,5000000
--,Curtis Granderson,TOR,OF,"$5,000,000",1 (2018),"$5,000,000","$5,000,000",1,2018,2018,5000000,5000000,5000000
--,Chase Anderson,MIL,SP,"$5,000,000",2 (2018-19),"$11,750,000","$5,875,000",2,2018-19,2018,11750000,5875000,5000000
--,Danny Salazar,CLE,SP,"$5,000,000",1 (2018),"$5,000,000","$5,000,000",1,2018,2018,5000000,5000000,5000000
--,Brandon Kintzler,WSH,RP,"$5,000,000",1 (2018),"$5,000,000","$5,000,000",1,2018,2018,5000000,5000000,5000000
--,Carlos Gonzalez,COL,OF,"$5,000,000",1 (2018),"$5,000,000","$5,000,000",1,2018,2018,5000000,5000000,5000000
--,Shelby Miller,ARI,SP,"$4,900,000",1 (2018),"$4,900,000","$4,900,000",1,2018,2018,4900000,4900000,4900000
--,James Paxton,SEA,SP,"$4,900,000",1 (2018),"$4,900,000","$4,900,000",1,2018,2018,4900000,4900000,4900000
--,Eduardo Escobar,MIN,SS,"$4,850,000",1 (2018),"$4,850,000","$4,850,000",1,2018,2018,4850000,4850000,4850000
--,Taijuan Walker,ARI,SP,"$4,825,000",1 (2018),"$4,825,000","$4,825,000",1,2018,2018,4825000,4825000,4825000
--,Miguel Gonzalez,CWS,SP,"$4,750,000",1 (2018),"$4,750,000","$4,750,000",1,2018,2018,4750000,4750000,4750000
--,Ender Inciarte,ATL,OF,"$4,700,000",5 (2017-21),"$30,525,000","$6,105,000",5,2017-21,2017,30525000,6105000,4700000
--,Gregory Polanco,PIT,OF,"$4,700,000",5 (2017-21),"$35,000,000","$7,000,000",5,2017-21,2017,35000000,7000000,4700000
--,Wil Myers,SD,OF,"$4,666,666",6 (2017-22),"$83,000,000","$13,833,333",6,2017-22,2017,83000000,13833333,4666666
--,Jorge Soler,KC,OF,"$4,666,666",9 (2012-20),"$30,000,000","$3,333,333",9,2012-20,2012,30000000,3333333,4666666
--,Ken Giles,HOU,RP,"$4,600,000",1 (2018),"$4,600,000","$4,600,000",1,2018,2018,4600000,4600000,4600000
--,Billy Hamilton,CIN,OF,"$4,600,000",1 (2018),"$4,600,000","$4,600,000",1,2018,2018,4600000,4600000,4600000
--,David Freese,PIT,3B,"$4,500,000",2 (2017-18),"$11,000,000","$5,500,000",2,2017-18,2017,11000000,5500000,4500000
--,Brad Miller,TB,2B,"$4,500,000",1 (2018),"$4,500,000","$4,500,000",1,2018,2018,4500000,4500000,4500000
--,Fernando Rodney,MIN,RP,"$4,500,000",1 (2018),"$4,500,000","$4,500,000",1,2018,2018,4500000,4500000,4500000
--,Sean Doolittle,WSH,RP,"$4,450,000",5 (2014-18),"$10,500,000","$2,100,000",5,2014-18,2014,10500000,2100000,4450000
--,Tucker Barnhart,CIN,C,"$4,437,500",4 (2018-21),"$16,000,000","$4,000,000",4,2018-21,2018,16000000,4000000,4437500
--,Sam Dyson,SF,RP,"$4,425,000",1 (2018),"$4,425,000","$4,425,000",1,2018,2018,4425000,4425000,4425000
--,Brad Hand,SD,RP,"$4,416,666",3 (2018-20),"$19,750,000","$6,583,333",3,2018-20,2018,19750000,6583333,4416666
--,Jake Lamb,ARI,3B,"$4,275,000",1 (2018),"$4,275,000","$4,275,000",1,2018,2018,4275000,4275000,4275000
--,Justin Smoak,TOR,1B,"$4,250,000",2 (2017-18),"$8,500,000","$4,250,000",2,2017-18,2017,8500000,4250000,4250000
--,Justin Wilson,CHC,RP,"$4,250,000",1 (2018),"$4,250,000","$4,250,000",1,2018,2018,4250000,4250000,4250000
--,Kolten Wong,STL,2B,"$4,200,000",5 (2016-20),"$25,500,000","$5,100,000",5,2016-20,2016,25500000,5100000,4200000
--,Erasmo Ramirez,SEA,SP,"$4,200,000",1 (2018),"$4,200,000","$4,200,000",1,2018,2018,4200000,4200000,4200000
--,Kyle Gibson,MIN,SP,"$4,200,000",1 (2018),"$4,200,000","$4,200,000",1,2018,2018,4200000,4200000,4200000
--,Kyle Hendricks,CHC,SP,"$4,175,000",1 (2018),"$4,175,000","$4,175,000",1,2018,2018,4175000,4175000,4175000
--,Matt Shoemaker,LAA,SP,"$4,125,000",1 (2018),"$4,125,000","$4,125,000",1,2018,2018,4125000,4125000,4125000
--,Yangervis Solarte,TOR,3B,"$4,125,000",2 (2017-18),"$7,500,000","$3,750,000",2,2017-18,2017,7500000,3750000,4125000
--,Hector Rondon,HOU,RP,"$4,000,000",2 (2018-19),"$8,500,000","$4,250,000",2,2018-19,2018,8500000,4250000,4000000
--,Yusmeiro Petit,OAK,RP,"$4,000,000",2 (2018-19),"$10,000,000","$5,000,000",2,2018-19,2018,10000000,5000000,4000000
--,Tyler Flowers,ATL,C,"$4,000,000",1 (2018),"$4,000,000","$4,000,000",1,2018,2018,4000000,4000000,4000000
--,Alex Avila,ARI,C,"$4,000,000",2 (2018-19),"$8,250,000","$4,125,000",2,2018-19,2018,8250000,4125000,4000000
--,Matt Adams,WSH,1B,"$4,000,000",1 (2018),"$4,000,000","$4,000,000",1,2018,2018,4000000,4000000,4000000
--,Doug Fister,TEX,SP,"$4,000,000",1 (2018),"$4,000,000","$4,000,000",1,2018,2018,4000000,4000000,4000000
--,Carlos Gomez,TB,OF,"$4,000,000",1 (2018),"$4,000,000","$4,000,000",1,2018,2018,4000000,4000000,4000000
--,Francisco Liriano,DET,SP,"$4,000,000",1 (2018),"$4,000,000","$4,000,000",1,2018,2018,4000000,4000000,4000000
--,Neil Walker,NYY,2B,"$4,000,000",1 (2018),"$4,000,000","$4,000,000",1,2018,2018,4000000,4000000,4000000
--,Chris Iannetta,COL,C,"$3,975,000",2 (2018-19),"$8,500,000","$4,250,000",2,2018-19,2018,8500000,4250000,3975000
--,Robbie Ray,ARI,SP,"$3,950,000",1 (2018),"$3,950,000","$3,950,000",1,2018,2018,3950000,3950000,3950000
--,Nate Jones,CWS,RP,"$3,950,000",3 (2016-18),"$8,000,000","$2,666,667",3,2016-18,2016,8000000,2666667,3950000
--,Martin Maldonado,LAA,C,"$3,900,000",1 (2018),"$3,900,000","$3,900,000",1,2018,2018,3900000,3900000,3900000
--,Joe Kelly,BOS,RP,"$3,825,000",1 (2018),"$3,825,000","$3,825,000",1,2018,2018,3825000,3825000,3825000
--,Jarrod Dyson,ARI,OF,"$3,750,000",2 (2018-19),"$7,500,000","$3,750,000",2,2018-19,2018,7500000,3750000,3750000
--,Jimmy Nelson,MIL,SP,"$3,700,000",1 (2018),"$3,700,000","$3,700,000",1,2018,2018,3700000,3700000,3700000
--,Corey Knebel,MIL,RP,"$3,650,000",1 (2018),"$3,650,000","$3,650,000",1,2018,2018,3650000,3650000,3650000
--,Steven Souza Jr.,ARI,OF,"$3,550,000",1 (2018),"$3,550,000","$3,550,000",1,2018,2018,3550000,3550000,3550000
--,Odubel Herrera,PHI,OF,"$3,550,000",5 (2017-21),"$30,500,000","$6,100,000",5,2017-21,2017,30500000,6100000,3550000
--,Kurt Suzuki,ATL,C,"$3,500,000",1 (2018),"$3,500,000","$3,500,000",1,2018,2018,3500000,3500000,3500000
--,Brian Duensing,CHC,RP,"$3,500,000",2 (2018-19),"$7,000,000","$3,500,000",2,2018-19,2018,7000000,3500000,3500000
--,Lucas Duda,KC,1B,"$3,500,000",1 (2018),"$3,500,000","$3,500,000",1,2018,2018,3500000,3500000,3500000
--,Travis d'Arnaud,NYM,C,"$3,475,000",1 (2018),"$3,475,000","$3,475,000",1,2018,2018,3475000,3475000,3475000
--,Joe Panik,SF,2B,"$3,450,000",1 (2018),"$3,450,000","$3,450,000",1,2018,2018,3450000,3450000,3450000
--,Arodys Vizcaino,ATL,RP,"$3,400,000",1 (2018),"$3,400,000","$3,400,000",1,2018,2018,3400000,3400000,3400000
--,Chris Owings,ARI,SS,"$3,400,000",1 (2018),"$3,400,000","$3,400,000",1,2018,2018,3400000,3400000,3400000
--,Justin Bour,MIA,1B,"$3,400,000",1 (2018),"$3,400,000","$3,400,000",1,2018,2018,3400000,3400000,3400000
--,Wilmer Flores,NYM,1B,"$3,400,000",1 (2018),"$3,400,000","$3,400,000",1,2018,2018,3400000,3400000,3400000
--,Dan Straily,MIA,SP,"$3,375,000",1 (2018),"$3,375,000","$3,375,000",1,2018,2018,3375000,3375000,3375000
--,Tim Beckham,BAL,3B,"$3,350,000",1 (2018),"$3,350,000","$3,350,000",1,2018,2018,3350000,3350000,3350000
--,Rougned Odor,TEX,2B,"$3,333,333",6 (2017-22),"$49,500,000","$8,250,000",6,2017-22,2017,49500000,8250000,3333333
--,Adam Warren,NYY,RP,"$3,315,000",1 (2018),"$3,315,000","$3,315,000",1,2018,2018,3315000,3315000,3315000
--,David Peralta,ARI,OF,"$3,300,000",1 (2018),"$3,300,000","$3,300,000",1,2018,2018,3300000,3300000,3300000
--,Kevin Pillar,TOR,OF,"$3,250,000",1 (2018),"$3,250,000","$3,250,000",1,2018,2018,3250000,3250000,3250000
--,Tony Watson,SF,RP,"$3,250,000",2 (2018-19),"$7,000,000","$3,500,000",2,2018-19,2018,7000000,3500000,3250000
--,Cameron Maybin,MIA,OF,"$3,250,000",1 (2018),"$3,250,000","$3,250,000",1,2018,2018,3250000,3250000,3250000
--,Felipe Rivero,PIT,RP,"$3,250,000",4 (2018-21),"$22,000,000","$5,500,000",4,2018-21,2018,22000000,5500000,3250000
--,Addison Russell,CHC,SS,"$3,200,000",1 (2018),"$3,200,000","$3,200,000",1,2018,2018,3200000,3200000,3200000
--,Marcus Semien,OAK,SS,"$3,125,000",1 (2018),"$3,125,000","$3,125,000",1,2018,2018,3125000,3125000,3125000
--,Kenta Maeda,LAD,SP,"$3,125,000",8 (2016-23),"$25,000,000","$3,125,000",8,2016-23,2016,25000000,3125000,3125000
--,Stephen Vogt,MIL,C,"$3,065,000",1 (2018),"$3,065,000","$3,065,000",1,2018,2018,3065000,3065000,3065000
--,Jung-ho Kang,PIT,3B,"$3,062,500",4 (2015-18),"$11,000,000","$2,750,000",4,2015-18,2015,11000000,2750000,3062500
--,Bud Norris,STL,RP,"$3,000,000",1 (2018),"$3,000,000","$3,000,000",1,2018,2018,3000000,3000000,3000000
--,Drew Smyly,CHC,SP,"$3,000,000",2 (2018-19),"$10,000,000","$5,000,000",2,2018-19,2018,10000000,5000000,3000000
--,Austin Jackson,SF,OF,"$3,000,000",2 (2018-19),"$6,000,000","$3,000,000",2,2018-19,2018,6000000,3000000,3000000
--,Josh Tomlin,CLE,SP,"$3,000,000",1 (2018),"$3,000,000","$3,000,000",1,2018,2018,3000000,3000000,3000000
--,Howie Kendrick,WSH,OF,"$3,000,000",2 (2018-19),"$7,000,000","$3,500,000",2,2018-19,2018,7000000,3500000,3000000
--,Chris Tillman,BAL,SP,"$3,000,000",1 (2018),"$3,000,000","$3,000,000",1,2018,2018,3000000,3000000,3000000
--,Colby Rasmus,BAL,OF,"$3,000,000",1 (2018),"$3,000,000","$3,000,000",1,2018,2018,3000000,3000000,3000000
--,Clayton Richard,SD,SP,"$3,000,000",2 (2018-19),"$6,000,000","$3,000,000",2,2018-19,2018,6000000,3000000,3000000
--,Drew Hutchison,PHI,RP,"$3,000,000",1 (2018),"$3,000,000","$3,000,000",1,2018,2018,3000000,3000000,3000000
--,Jon Jay,KC,OF,"$3,000,000",1 (2018),"$3,000,000","$3,000,000",1,2018,2018,3000000,3000000,3000000
--,Mike Zunino,SEA,C,"$2,975,000",1 (2018),"$2,975,000","$2,975,000",1,2018,2018,2975000,2975000,2975000
--,Noah Syndergaard,NYM,SP,"$2,975,000",1 (2018),"$2,975,000","$2,975,000",1,2018,2018,2975000,2975000,2975000
--,Maikel Franco,PHI,3B,"$2,950,000",1 (2018),"$2,950,000","$2,950,000",1,2018,2018,2950000,2950000,2950000
--,Brandon Maurer,KC,RP,"$2,950,000",1 (2018),"$2,950,000","$2,950,000",1,2018,2018,2950000,2950000,2950000
--,Eugenio Suarez,CIN,3B,"$2,916,666",7 (2018-24),"$66,000,000","$9,428,571",7,2018-24,2018,66000000,9428571,2916666
--,Derek Dietrich,MIA,OF,"$2,900,000",1 (2018),"$2,900,000","$2,900,000",1,2018,2018,2900000,2900000,2900000
--,J.T. Realmuto,MIA,C,"$2,900,000",1 (2018),"$2,900,000","$2,900,000",1,2018,2018,2900000,2900000,2900000
--,Shohei Ohtani,LAA,SP,"$2,860,000",1 (2018),"$2,860,000","$2,860,000",1,2018,2018,2860000,2860000,2860000
--,Jose Ramirez,CLE,3B,"$2,828,600",5 (2017-21),"$26,000,000","$5,200,000",5,2017-21,2017,26000000,5200000,2828600
--,Aaron Hicks,NYY,OF,"$2,825,000",1 (2018),"$2,825,000","$2,825,000",1,2018,2018,2825000,2825000,2825000
--,Rene Rivera,LAA,C,"$2,800,000",1 (2018),"$2,800,000","$2,800,000",1,2018,2018,2800000,2800000,2800000
--,Will Harris,HOU,RP,"$2,800,000",2 (2017-18),"$5,000,000","$2,500,000",2,2017-18,2017,5000000,2500000,2800000
--,Yoshihisa Hirano,ARI,RP,"$2,750,000",2 (2018-19),"$6,000,000","$3,000,000",2,2018-19,2018,6000000,3000000,2750000
--,Brandon Guyer,CLE,OF,"$2,750,000",2 (2017-18),"$5,000,000","$2,500,000",2,2017-18,2017,5000000,2500000,2750000
--,Nick Vincent,SEA,RP,"$2,750,000",1 (2018),"$2,750,000","$2,750,000",1,2018,2018,2750000,2750000,2750000
--,George Kontos,PIT,RP,"$2,725,000",1 (2018),"$2,725,000","$2,725,000",1,2018,2018,2725000,2725000,2725000
--,Jake Diekman,TEX,RP,"$2,712,500",1 (2018),"$2,712,500","$2,712,500",1,2018,2018,2712500,2712500,2712500
--,Aaron Sanchez,TOR,SP,"$2,700,000",1 (2018),"$2,700,000","$2,700,000",1,2018,2018,2700000,2700000,2700000
--,Randal Grichuk,TOR,OF,"$2,600,000",1 (2018),"$2,600,000","$2,600,000",1,2018,2018,2600000,2600000,2600000
--,Joc Pederson,LAD,OF,"$2,600,000",1 (2018),"$2,600,000","$2,600,000",1,2018,2018,2600000,2600000,2600000
--,Jonathan Villar,MIL,2B,"$2,550,000",1 (2018),"$2,550,000","$2,550,000",1,2018,2018,2550000,2550000,2550000
--,Michael A. Taylor,WSH,OF,"$2,525,000",1 (2018),"$2,525,000","$2,525,000",1,2018,2018,2525000,2525000,2525000
--,Boone Logan,MIL,RP,"$2,500,000",1 (2018),"$2,500,000","$2,500,000",1,2018,2018,2500000,2500000,2500000
--,Matt Albers,MIL,RP,"$2,500,000",2 (2018-19),"$5,000,000","$2,500,000",2,2018-19,2018,5000000,2500000,2500000
--,Nick Hundley,SF,C,"$2,500,000",1 (2018),"$2,500,000","$2,500,000",1,2018,2018,2500000,2500000,2500000
--,Will Smith,SF,RP,"$2,500,000",1 (2018),"$2,500,000","$2,500,000",1,2018,2018,2500000,2500000,2500000
--,Sergio Romo,TB,RP,"$2,500,000",1 (2018),"$2,500,000","$2,500,000",1,2018,2018,2500000,2500000,2500000
--,David Hernandez,CIN,RP,"$2,500,000",2 (2018-19),"$5,000,000","$2,500,000",2,2018-19,2018,5000000,2500000,2500000
--,Alcides Escobar,KC,SS,"$2,500,000",1 (2018),"$2,500,000","$2,500,000",1,2018,2018,2500000,2500000,2500000
--,Lance McCullers Jr.,HOU,SP,"$2,450,000",1 (2018),"$2,450,000","$2,450,000",1,2018,2018,2450000,2450000,2450000
--,Zach McAllister,CLE,RP,"$2,450,000",1 (2018),"$2,450,000","$2,450,000",1,2018,2018,2450000,2450000,2450000
--,Luis Avilan,CWS,RP,"$2,450,000",1 (2018),"$2,450,000","$2,450,000",1,2018,2018,2450000,2450000,2450000
--,Brad Peacock,HOU,RP,"$2,440,000",1 (2018),"$2,440,000","$2,440,000",1,2018,2018,2440000,2440000,2440000
--,Eric Sogard,MIL,2B,"$2,400,000",1 (2018),"$2,400,000","$2,400,000",1,2018,2018,2400000,2400000,2400000
--,Eduardo Rodriguez,BOS,SP,"$2,375,000",1 (2018),"$2,375,000","$2,375,000",1,2018,2018,2375000,2375000,2375000
--,James McCann,DET,C,"$2,375,000",1 (2018),"$2,375,000","$2,375,000",1,2018,2018,2375000,2375000,2375000
--,Kendall Graveman,OAK,SP,"$2,360,000",1 (2018),"$2,360,000","$2,360,000",1,2018,2018,2360000,2360000,2360000
--,Yolmer Sanchez,CWS,3B,"$2,350,000",1 (2018),"$2,350,000","$2,350,000",1,2018,2018,2350000,2350000,2350000
--,Tony Cingrani,LAD,RP,"$2,300,000",1 (2018),"$2,300,000","$2,300,000",1,2018,2018,2300000,2300000,2300000
--,C.J. Cron,TB,1B,"$2,300,000",1 (2018),"$2,300,000","$2,300,000",1,2018,2018,2300000,2300000,2300000
--,Drew Butera,KC,C,"$2,300,000",2 (2017-18),"$3,800,000","$1,900,000",2,2017-18,2017,3800000,1900000,2300000
--,Carlos Rodon,CWS,SP,"$2,300,000",1 (2018),"$2,300,000","$2,300,000",1,2018,2018,2300000,2300000,2300000
--,Jorge De La Rosa,ARI,RP,"$2,250,000",1 (2018),"$2,250,000","$2,250,000",1,2018,2018,2250000,2250000,2250000
--,Randall Delgado,ARI,RP,"$2,250,000",1 (2018),"$2,250,000","$2,250,000",1,2018,2018,2250000,2250000,2250000
--,Craig Stammen,SD,RP,"$2,250,000",2 (2018-19),"$4,500,000","$2,250,000",2,2018-19,2018,4500000,2250000,2250000
--,Robinson Chirinos,TEX,C,"$2,250,000",2 (2017-18),"$4,200,000","$2,100,000",2,2017-18,2017,4200000,2100000,2250000
--,Brock Holt,BOS,2B,"$2,225,000",1 (2018),"$2,225,000","$2,225,000",1,2018,2018,2225000,2225000,2225000
--,Mike Foltynewicz,ATL,SP,"$2,200,000",1 (2018),"$2,200,000","$2,200,000",1,2018,2018,2200000,2200000,2200000
--,Josh Fields,LAD,RP,"$2,200,000",1 (2018),"$2,200,000","$2,200,000",1,2018,2018,2200000,2200000,2200000
--,Dominic Leone,STL,RP,"$2,170,000",1 (2018),"$2,170,000","$2,170,000",1,2018,2018,2170000,2170000,2170000
--,Blake Treinen,OAK,RP,"$2,150,000",1 (2018),"$2,150,000","$2,150,000",1,2018,2018,2150000,2150000,2150000
--,Chris Hatcher,OAK,RP,"$2,150,000",1 (2018),"$2,150,000","$2,150,000",1,2018,2018,2150000,2150000,2150000
--,Zach Duke,MIN,RP,"$2,150,000",1 (2018),"$2,150,000","$2,150,000",1,2018,2018,2150000,2150000,2150000
--,Jared Hughes,CIN,RP,"$2,125,000",2 (2018-19),"$4,500,000","$2,250,000",2,2018-19,2018,4500000,2250000,2125000
--,Tyler Thornburg,BOS,RP,"$2,050,000",1 (2018),"$2,050,000","$2,050,000",1,2018,2018,2050000,2050000,2050000
--,Chris Young,LAA,OF,"$2,000,000",1 (2018),"$2,000,000","$2,000,000",1,2018,2018,2000000,2000000,2000000
--,Aledmys Diaz,TOR,SS,"$2,000,000",1 (2018),"$2,000,000","$2,000,000",1,2018,2018,2000000,2000000,2000000
--,Seung Hwan Oh,TOR,RP,"$2,000,000",1 (2018),"$2,000,000","$2,000,000",1,2018,2018,2000000,2000000,2000000
--,Daniel Descalso,ARI,1B,"$2,000,000",1 (2018),"$2,000,000","$2,000,000",1,2018,2018,2000000,2000000,2000000
--,Jeff Mathis,ARI,C,"$2,000,000",2 (2017-18),"$4,000,000","$2,000,000",2,2017-18,2017,4000000,2000000,2000000
--,Tom Koehler,LAD,RP,"$2,000,000",1 (2018),"$2,000,000","$2,000,000",1,2018,2018,2000000,2000000,2000000
--,Jacob Turner,MIA,RP,"$2,000,000",1 (2018),"$2,000,000","$2,000,000",1,2018,2018,2000000,2000000,2000000
--,Jose Reyes,NYM,SS,"$2,000,000",1 (2018),"$2,000,000","$2,000,000",1,2018,2018,2000000,2000000,2000000
--,Nathan Eovaldi,TB,SP,"$2,000,000",1 (2018),"$2,000,000","$2,000,000",1,2018,2018,2000000,2000000,2000000
--,Chad Bettis,COL,SP,"$2,000,000",1 (2018),"$2,000,000","$2,000,000",1,2018,2018,2000000,2000000,2000000
--,Michael Pineda,MIN,SP,"$2,000,000",2 (2018-19),"$10,000,000","$5,000,000",2,2018-19,2018,10000000,5000000,2000000
--,Robbie Grossman,MIN,OF,"$2,000,000",1 (2018),"$2,000,000","$2,000,000",1,2018,2018,2000000,2000000,2000000
--,Hector Santiago,CWS,RP,"$2,000,000",1 (2018),"$2,000,000","$2,000,000",1,2018,2018,2000000,2000000,2000000
--,Hernan Perez,MIL,2B,"$1,975,000",1 (2018),"$1,975,000","$1,975,000",1,2018,2018,1975000,1975000,1975000
--,Sandy Leon,BOS,C,"$1,950,000",1 (2018),"$1,950,000","$1,950,000",1,2018,2018,1950000,1950000,1950000
--,Shane Greene,DET,RP,"$1,950,000",1 (2018),"$1,950,000","$1,950,000",1,2018,2018,1950000,1950000,1950000
--,Alex Wilson,DET,RP,"$1,925,000",1 (2018),"$1,925,000","$1,925,000",1,2018,2018,1925000,1925000,1925000
--,JC Ramirez,LAA,SP,"$1,900,000",1 (2018),"$1,900,000","$1,900,000",1,2018,2018,1900000,1900000,1900000
--,Jake Marisnick,HOU,OF,"$1,900,000",1 (2018),"$1,900,000","$1,900,000",1,2018,2018,1900000,1900000,1900000
--,Liam Hendriks,OAK,RP,"$1,900,000",1 (2018),"$1,900,000","$1,900,000",1,2018,2018,1900000,1900000,1900000
--,Kazuhisa Makita,SD,RP,"$1,900,000",2 (2018-19),"$3,800,000","$1,900,000",2,2018-19,2018,3800000,1900000,1900000
--,Tyler Skaggs,LAA,SP,"$1,875,000",1 (2018),"$1,875,000","$1,875,000",1,2018,2018,1875000,1875000,1875000
--,Brad Boxberger,ARI,RP,"$1,850,000",1 (2018),"$1,850,000","$1,850,000",1,2018,2018,1850000,1850000,1850000
--,Aaron Loup,TOR,RP,"$1,812,500",1 (2018),"$1,812,500","$1,812,500",1,2018,2018,1812500,1812500,1812500
--,Blake Parker,LAA,RP,"$1,800,000",1 (2018),"$1,800,000","$1,800,000",1,2018,2018,1800000,1800000,1800000
--,Jeremy Jeffress,MIL,RP,"$1,750,000",1 (2018),"$1,750,000","$1,750,000",1,2018,2018,1750000,1750000,1750000
--,Rajai Davis,CLE,OF,"$1,750,000",1 (2018),"$1,750,000","$1,750,000",1,2018,2018,1750000,1750000,1750000
--,Chris Martin,TEX,RP,"$1,750,000",2 (2018-19),"$4,000,000","$2,000,000",2,2018-19,2018,4000000,2000000,1750000
--,Tony Barnette,TEX,RP,"$1,750,000",1 (2018),"$1,750,000","$1,750,000",1,2018,2018,1750000,1750000,1750000
--,Leonys Martin,DET,OF,"$1,750,000",1 (2018),"$1,750,000","$1,750,000",1,2018,2018,1750000,1750000,1750000
--,Cory Spangenberg,SD,2B,"$1,700,000",1 (2018),"$1,700,000","$1,700,000",1,2018,2018,1700000,1700000,1700000
--,Cory Gearrin,SF,RP,"$1,675,000",1 (2018),"$1,675,000","$1,675,000",1,2018,2018,1675000,1675000,1675000
--,Dylan Bundy,BAL,SP,"$1,640,000",1 (2018),"$1,640,000","$1,640,000",1,2018,2018,1640000,1640000,1640000
--,Roberto Perez,CLE,C,"$1,625,000",4 (2017-20),"$9,000,000","$2,250,000",4,2017-20,2017,9000000,2250000,1625000
--,Ketel Marte,ARI,SS,"$1,600,000",5 (2018-22),"$24,000,000","$4,800,000",5,2018-22,2018,24000000,4800000,1600000
--,Enrique Hernandez,LAD,OF,"$1,600,000",1 (2018),"$1,600,000","$1,600,000",1,2018,2018,1600000,1600000,1600000
--,Ryan Pressly,MIN,RP,"$1,600,000",1 (2018),"$1,600,000","$1,600,000",1,2018,2018,1600000,1600000,1600000
--,Hunter Strickland,SF,RP,"$1,550,000",1 (2018),"$1,550,000","$1,550,000",1,2018,2018,1550000,1550000,1550000
--,Stephen Piscotty,OAK,OF,"$1,500,000",6 (2017-22),"$33,500,000","$5,583,333",6,2017-22,2017,33500000,5583333,1500000
--,John Axford,TOR,RP,"$1,500,000",1 (2018),"$1,500,000","$1,500,000",1,2018,2018,1500000,1500000,1500000
--,Tyler Clippard,TOR,RP,"$1,500,000",1 (2018),"$1,500,000","$1,500,000",1,2018,2018,1500000,1500000,1500000
--,Paul DeJong,STL,SS,"$1,500,000",6 (2018-23),"$26,000,000","$4,333,333",6,2018-23,2018,26000000,4333333,1500000
--,Fernando Salas,ARI,RP,"$1,500,000",1 (2018),"$1,500,000","$1,500,000",1,2018,2018,1500000,1500000,1500000
--,Pedro Baez,LAD,RP,"$1,500,000",1 (2018),"$1,500,000","$1,500,000",1,2018,2018,1500000,1500000,1500000
--,Derek Holland,SF,SP,"$1,500,000",1 (2018),"$1,500,000","$1,500,000",1,2018,2018,1500000,1500000,1500000
--,Matt Belisle,CLE,RP,"$1,500,000",1 (2018),"$1,500,000","$1,500,000",1,2018,2018,1500000,1500000,1500000
--,Cliff Pennington,CIN,2B,"$1,500,000",1 (2018),"$1,500,000","$1,500,000",1,2018,2018,1500000,1500000,1500000
--,Blake Wood,LAA,RP,"$1,450,000",1 (2018),"$1,450,000","$1,450,000",1,2018,2018,1450000,1450000,1450000
--,Devon Travis,TOR,2B,"$1,450,000",1 (2018),"$1,450,000","$1,450,000",1,2018,2018,1450000,1450000,1450000
--,Christian Vazquez,BOS,C,"$1,450,000",1 (2018),"$1,450,000","$1,450,000",1,2018,2018,1450000,1450000,1450000
--,Nate Karns,KC,SP,"$1,375,000",1 (2018),"$1,375,000","$1,375,000",1,2018,2018,1375000,1375000,1375000
--,Michael Lorenzen,CIN,RP,"$1,312,500",1 (2018),"$1,312,500","$1,312,500",1,2018,2018,1312500,1312500,1312500
--,Tommy Kahnle,NYY,RP,"$1,312,500",1 (2018),"$1,312,500","$1,312,500",1,2018,2018,1312500,1312500,1312500
--,Miguel Montero,WSH,C,"$1,300,000",1 (2018),"$1,300,000","$1,300,000",1,2018,2018,1300000,1300000,1300000
--,Chris Rusin,COL,RP,"$1,287,500",1 (2018),"$1,287,500","$1,287,500",1,2018,2018,1287500,1287500,1287500
--,Nick Ahmed,ARI,SS,"$1,275,000",1 (2018),"$1,275,000","$1,275,000",1,2018,2018,1275000,1275000,1275000
--,Caleb Joseph,BAL,C,"$1,250,000",1 (2018),"$1,250,000","$1,250,000",1,2018,2018,1250000,1250000,1250000
--,A.J. Ellis,SD,C,"$1,250,000",1 (2018),"$1,250,000","$1,250,000",1,2018,2018,1250000,1250000,1250000
--,Kevin Jepsen,TEX,RP,"$1,250,000",1 (2018),"$1,250,000","$1,250,000",1,2018,2018,1250000,1250000,1250000
--,Phil Gosselin,CIN,2B,"$1,250,000",1 (2018),"$1,250,000","$1,250,000",1,2018,2018,1250000,1250000,1250000
--,Justin Grimm,KC,RP,"$1,250,000",1 (2018),"$1,250,000","$1,250,000",1,2018,2018,1250000,1250000,1250000
--,Tyler Lyons,STL,RP,"$1,200,000",1 (2018),"$1,200,000","$1,200,000",1,2018,2018,1200000,1200000,1200000
--,Danny Valencia,BAL,1B,"$1,200,000",1 (2018),"$1,200,000","$1,200,000",1,2018,2018,1200000,1200000,1200000
--,Luis Garcia,PHI,RP,"$1,200,000",1 (2018),"$1,200,000","$1,200,000",1,2018,2018,1200000,1200000,1200000
--,Keone Kela,TEX,RP,"$1,200,000",1 (2018),"$1,200,000","$1,200,000",1,2018,2018,1200000,1200000,1200000
--,Andrew Chafin,ARI,RP,"$1,195,000",1 (2018),"$1,195,000","$1,195,000",1,2018,2018,1195000,1195000,1195000
--,Miguel Rojas,MIA,SS,"$1,180,000",1 (2018),"$1,180,000","$1,180,000",1,2018,2018,1180000,1180000,1180000
--,Leury Garcia,CWS,OF,"$1,175,000",1 (2018),"$1,175,000","$1,175,000",1,2018,2018,1175000,1175000,1175000
--,Scott Kingery,PHI,2B,"$1,166,666",6 (2018-23),"$24,000,000","$4,000,000",6,2018-23,2018,24000000,4000000,1166666
--,Dan Otero,CLE,RP,"$1,150,000",2 (2018-19),"$2,500,000","$1,250,000",2,2018-19,2018,2500000,1250000,1150000
--,Kyle Barraclough,MIA,RP,"$1,113,000",1 (2018),"$1,113,000","$1,113,000",1,2018,2018,1113000,1113000,1113000
--,Cam Bedrosian,LAA,RP,"$1,100,000",1 (2018),"$1,100,000","$1,100,000",1,2018,2018,1100000,1100000,1100000
--,Rex Brothers,ATL,RP,"$1,100,000",1 (2018),"$1,100,000","$1,100,000",1,2018,2018,1100000,1100000,1100000
--,Steven Wright,BOS,SP,"$1,100,000",1 (2018),"$1,100,000","$1,100,000",1,2018,2018,1100000,1100000,1100000
--,Austin Romine,NYY,C,"$1,100,000",1 (2018),"$1,100,000","$1,100,000",1,2018,2018,1100000,1100000,1100000
--,Braxton Lee,MIA,OF,"$1,090,000",1 (2018),"$1,090,000","$1,090,000",1,2018,2018,1090000,1090000,1090000
--,Brett Graves,MIA,RP,"$1,090,000",1 (2018),"$1,090,000","$1,090,000",1,2018,2018,1090000,1090000,1090000
--,Caleb Smith,MIA,SP,"$1,090,000",1 (2018),"$1,090,000","$1,090,000",1,2018,2018,1090000,1090000,1090000
--,Chris O'Grady,MIA,SP,"$1,090,000",1 (2018),"$1,090,000","$1,090,000",1,2018,2018,1090000,1090000,1090000
--,Dillon Peters,MIA,SP,"$1,090,000",1 (2018),"$1,090,000","$1,090,000",1,2018,2018,1090000,1090000,1090000
--,Drew Steckenrider,MIA,RP,"$1,090,000",1 (2018),"$1,090,000","$1,090,000",1,2018,2018,1090000,1090000,1090000
--,Elieser Hernandez,MIA,SP,"$1,090,000",1 (2018),"$1,090,000","$1,090,000",1,2018,2018,1090000,1090000,1090000
--,Odrisamer Despaigne,MIA,SP,"$1,090,000",1 (2018),"$1,090,000","$1,090,000",1,2018,2018,1090000,1090000,1090000
--,Sam Freeman,ATL,RP,"$1,075,000",1 (2018),"$1,075,000","$1,075,000",1,2018,2018,1075000,1075000,1075000
--,Kirby Yates,SD,RP,"$1,062,500",1 (2018),"$1,062,500","$1,062,500",1,2018,2018,1062500,1062500,1062500
--,Jose Alvarez,LAA,RP,"$1,050,000",1 (2018),"$1,050,000","$1,050,000",1,2018,2018,1050000,1050000,1050000
--,Andrew Romine,SEA,SS,"$1,050,000",1 (2018),"$1,050,000","$1,050,000",1,2018,2018,1050000,1050000,1050000
--,Jurickson Profar,TEX,2B,"$1,050,000",1 (2018),"$1,050,000","$1,050,000",1,2018,2018,1050000,1050000,1050000
--,Danny Farquhar,CWS,RP,"$1,050,000",1 (2018),"$1,050,000","$1,050,000",1,2018,2018,1050000,1050000,1050000
--,Carlos Correa,HOU,SS,"$1,000,000",1 (2018),"$1,000,000","$1,000,000",1,2018,2018,1000000,1000000,1000000
--,Peter Bourjos,ATL,OF,"$1,000,000",1 (2018),"$1,000,000","$1,000,000",1,2018,2018,1000000,1000000,1000000
--,Chase Utley,LAD,2B,"$1,000,000",2 (2018-19),"$2,000,000","$1,000,000",2,2018-19,2018,2000000,1000000,1000000
--,Gregor Blanco,SF,OF,"$1,000,000",1 (2018),"$1,000,000","$1,000,000",1,2018,2018,1000000,1000000,1000000
--,Bryan Holaday,MIA,C,"$1,000,000",1 (2018),"$1,000,000","$1,000,000",1,2018,2018,1000000,1000000,1000000
--,Joaquin Benoit,WSH,RP,"$1,000,000",1 (2018),"$1,000,000","$1,000,000",1,2018,2018,1000000,1000000,1000000
--,Pedro Alvarez,BAL,1B,"$1,000,000",1 (2018),"$1,000,000","$1,000,000",1,2018,2018,1000000,1000000,1000000
--,Jordan Lyles,SD,RP,"$1,000,000",1 (2018),"$1,000,000","$1,000,000",1,2018,2018,1000000,1000000,1000000
--,Jesse Chavez,TEX,RP,"$1,000,000",1 (2018),"$1,000,000","$1,000,000",1,2018,2018,1000000,1000000,1000000
--,Tim Lincecum,TEX,RP,"$1,000,000",1 (2018),"$1,000,000","$1,000,000",1,2018,2018,1000000,1000000,1000000
--,Blaine Boyer,KC,RP,"$1,000,000",1 (2018),"$1,000,000","$1,000,000",1,2018,2018,1000000,1000000,1000000
--,Ryan Goins,KC,SS,"$1,000,000",1 (2018),"$1,000,000","$1,000,000",1,2018,2018,1000000,1000000,1000000
--,Ehire Adrianza,MIN,SS,"$1,000,000",1 (2018),"$1,000,000","$1,000,000",1,2018,2018,1000000,1000000,1000000
--,Tim Anderson,CWS,SS,"$1,000,000",6 (2017-22),"$25,000,000","$4,166,667",6,2017-22,2017,25000000,4166667,1000000
--,Tommy La Stella,CHC,2B,"$950,000",1 (2018),"$950,000","$950,000",1,2018,2018,950000,950000,950000
--,Matt Szczur,SD,OF,"$950,000",1 (2018),"$950,000","$950,000",1,2018,2018,950000,950000,950000
--,Matt Duffy,TB,3B,"$930,000",1 (2018),"$930,000","$930,000",1,2018,2018,930000,930000,930000
--,Jesus Sucre,TB,C,"$925,000",1 (2018),"$925,000","$925,000",1,2018,2018,925000,925000,925000
--,Josh Phegley,OAK,C,"$905,000",1 (2018),"$905,000","$905,000",1,2018,2018,905000,905000,905000
--,Craig Gentry,BAL,OF,"$900,000",1 (2018),"$900,000","$900,000",1,2018,2018,900000,900000,900000
--,Ryan Rua,TEX,OF,"$870,000",1 (2018),"$870,000","$870,000",1,2018,2018,870000,870000,870000
--,Anthony DeSclafani,CIN,SP,"$860,000",1 (2018),"$860,000","$860,000",1,2018,2018,860000,860000,860000
--,Ji-Man Choi,MIL,1B,"$850,000",1 (2018),"$850,000","$850,000",1,2018,2018,850000,850000,850000
--,T.J. McFarland,ARI,RP,"$850,000",1 (2018),"$850,000","$850,000",1,2018,2018,850000,850000,850000
--,Carson Smith,BOS,RP,"$850,000",1 (2018),"$850,000","$850,000",1,2018,2018,850000,850000,850000
--,Jacob Lindgren,ATL,RP,"$820,000",1 (2018),"$820,000","$820,000",1,2018,2018,820000,820000,820000
--,Chasen Shreve,NYY,RP,"$805,000",1 (2018),"$805,000","$805,000",1,2018,2018,805000,805000,805000
--,Andrew Heaney,LAA,SP,"$800,000",1 (2018),"$800,000","$800,000",1,2018,2018,800000,800000,800000
--,Chase Whitley,ATL,RP,"$800,000",1 (2018),"$800,000","$800,000",1,2018,2018,800000,800000,800000
--,Guillermo Heredia,SEA,OF,"$782,000",1 (2018),"$782,000","$782,000",1,2018,2018,782000,782000,782000
--,Jake Smolinski,OAK,OF,"$775,000",1 (2018),"$775,000","$775,000",1,2018,2018,775000,775000,775000
--,Ryan Flaherty,ATL,2B,"$750,000",1 (2018),"$750,000","$750,000",1,2018,2018,750000,750000,750000
--,Ichiro Suzuki,SEA,OF,"$750,000",1 (2018),"$750,000","$750,000",1,2018,2018,750000,750000,750000
--,Chaz Roe,TB,RP,"$720,000",1 (2018),"$720,000","$720,000",1,2018,2018,720000,720000,720000
--,Kevin Quackenbush,CIN,RP,"$690,000",1 (2018),"$690,000","$690,000",1,2018,2018,690000,690000,690000
--,Javier Baez,CHC,2B,"$657,000",1 (2018),"$657,000","$657,000",1,2018,2018,657000,657000,657000
--,Francisco Pena,STL,C,"$650,000",1 (2018),"$650,000","$650,000",1,2018,2018,650000,650000,650000
--,Wade LeBlanc,SEA,RP,"$650,000",1 (2018),"$650,000","$650,000",1,2018,2018,650000,650000,650000
--,Robbie Erlin,SD,SP,"$650,000",1 (2018),"$650,000","$650,000",1,2018,2018,650000,650000,650000
--,Niko Goodrum,DET,3B,"$650,000",1 (2018),"$650,000","$650,000",1,2018,2018,650000,650000,650000
--,Trevor May,MIN,RP,"$650,000",1 (2018),"$650,000","$650,000",1,2018,2018,650000,650000,650000
--,Adam Duvall,CIN,OF,"$645,000",1 (2018),"$645,000","$645,000",1,2018,2018,645000,645000,645000
--,Yimi Garcia,LAD,RP,"$630,000",1 (2018),"$630,000","$630,000",1,2018,2018,630000,630000,630000
--,Francisco Lindor,CLE,SS,"$623,200",1 (2018),"$623,200","$623,200",1,2018,2018,623200,623200,623200
--,Aaron Judge,NYY,OF,"$622,300",1 (2018),"$622,300","$622,300",1,2018,2018,622300,622300,622300
--,Brandon Drury,NYY,3B,"$621,900",1 (2018),"$621,900","$621,900",1,2018,2018,621900,621900,621900
--,Andrew Benintendi,BOS,OF,"$620,500",1 (2018),"$620,500","$620,500",1,2018,2018,620500,620500,620500
--,Gary Sanchez,NYY,C,"$620,400",1 (2018),"$620,400","$620,400",1,2018,2018,620400,620400,620400
--,Ronald Torreyes,NYY,SS,"$615,500",1 (2018),"$615,500","$615,500",1,2018,2018,615500,615500,615500
--,Mike Montgomery,CHC,RP,"$611,250",1 (2018),"$611,250","$611,250",1,2018,2018,611250,611250,611250
--,Dan Winkler,ATL,RP,"$610,000",1 (2018),"$610,000","$610,000",1,2018,2018,610000,610000,610000
--,Zac Rosscup,COL,RP,"$610,000",1 (2018),"$610,000","$610,000",1,2018,2018,610000,610000,610000
--,Michael Conforto,NYM,OF,"$605,094",1 (2018),"$605,094","$605,094",1,2018,2018,605094,605094,605094
--,Corey Seager,LAD,SS,"$605,000",1 (2018),"$605,000","$605,000",1,2018,2018,605000,605000,605000
--,Matt Barnes,BOS,RP,"$605,000",1 (2018),"$605,000","$605,000",1,2018,2018,605000,605000,605000
--,Luis Severino,NYY,SP,"$604,975",1 (2018),"$604,975","$604,975",1,2018,2018,604975,604975,604975
--,Kyle Schwarber,CHC,OF,"$604,500",1 (2018),"$604,500","$604,500",1,2018,2018,604500,604500,604500
--,Willson Contreras,CHC,C,"$604,500",1 (2018),"$604,500","$604,500",1,2018,2018,604500,604500,604500
--,Eddie Rosario,MIN,OF,"$602,500",1 (2018),"$602,500","$602,500",1,2018,2018,602500,602500,602500
--,Miguel Sano,MIN,3B,"$602,500",1 (2018),"$602,500","$602,500",1,2018,2018,602500,602500,602500
--,Pedro Florimon,PHI,OF,"$600,000",1 (2018),"$600,000","$600,000",1,2018,2018,600000,600000,600000
--,Juan Centeno,TEX,C,"$600,000",1 (2018),"$600,000","$600,000",1,2018,2018,600000,600000,600000
--,Chris Devenski,HOU,RP,"$599,200",1 (2018),"$599,200","$599,200",1,2018,2018,599200,599200,599200
--,Alex Bregman,HOU,3B,"$599,000",1 (2018),"$599,000","$599,000",1,2018,2018,599000,599000,599000
--,Carl Edwards Jr.,CHC,RP,"$594,000",1 (2018),"$594,000","$594,000",1,2018,2018,594000,594000,594000
--,Max Kepler,MIN,OF,"$587,500",1 (2018),"$587,500","$587,500",1,2018,2018,587500,587500,587500
--,Cody Bellinger,LAD,1B,"$585,000",1 (2018),"$585,000","$585,000",1,2018,2018,585000,585000,585000
--,Ryan LaMarre,MIN,OF,"$585,000",1 (2018),"$585,000","$585,000",1,2018,2018,585000,585000,585000
--,Albert Almora Jr.,CHC,OF,"$584,500",1 (2018),"$584,500","$584,500",1,2018,2018,584500,584500,584500
--,Hector Neris,PHI,RP,"$582,500",1 (2018),"$582,500","$582,500",1,2018,2018,582500,582500,582500
--,Greg Bird,NYY,1B,"$582,000",1 (2018),"$582,000","$582,000",1,2018,2018,582000,582000,582000
--,Archie Bradley,ARI,RP,"$581,900",1 (2018),"$581,900","$581,900",1,2018,2018,581900,581900,581900
--,Heath Hembree,BOS,RP,"$581,500",1 (2018),"$581,500","$581,500",1,2018,2018,581500,581500,581500
--,Jordan Montgomery,NYY,SP,"$580,450",1 (2018),"$580,450","$580,450",1,2018,2018,580450,580450,580450
--,Raffy Lopez,SD,C,"$580,000",1 (2018),"$580,000","$580,000",1,2018,2018,580000,580000,580000
--,Scott Schebler,CIN,OF,"$580,000",1 (2018),"$580,000","$580,000",1,2018,2018,580000,580000,580000
--,Byron Buxton,MIN,OF,"$580,000",1 (2018),"$580,000","$580,000",1,2018,2018,580000,580000,580000
--,Zack Godley,ARI,SP,"$579,200",1 (2018),"$579,200","$579,200",1,2018,2018,579200,579200,579200
--,Brandon Finnegan,CIN,SP,"$577,500",1 (2018),"$577,500","$577,500",1,2018,2018,577500,577500,577500
--,Trea Turner,WSH,SS,"$577,200",1 (2018),"$577,200","$577,200",1,2018,2018,577200,577200,577200
--,Steven Matz,NYM,SP,"$577,000",1 (2018),"$577,000","$577,000",1,2018,2018,577000,577000,577000
--,Michael Feliz,PIT,RP,"$575,500",1 (2018),"$575,500","$575,500",1,2018,2018,575500,575500,575500
--,Michael Fulmer,DET,SP,"$575,200",1 (2018),"$575,200","$575,200",1,2018,2018,575200,575200,575200
--,Charlie Culberson,ATL,SS,"$575,000",1 (2018),"$575,000","$575,000",1,2018,2018,575000,575000,575000
--,Chris Stewart,ATL,C,"$575,000",1 (2018),"$575,000","$575,000",1,2018,2018,575000,575000,575000
--,Lane Adams,ATL,OF,"$575,000",1 (2018),"$575,000","$575,000",1,2018,2018,575000,575000,575000
--,Peter Moylan,ATL,RP,"$575,000",1 (2018),"$575,000","$575,000",1,2018,2018,575000,575000,575000
--,Chris Taylor,LAD,OF,"$575,000",1 (2018),"$575,000","$575,000",1,2018,2018,575000,575000,575000
--,Jose Urena,MIA,SP,"$575,000",1 (2018),"$575,000","$575,000",1,2018,2018,575000,575000,575000
--,Jorge Polanco,MIN,SS,"$575,000",1 (2018),"$575,000","$575,000",1,2018,2018,575000,575000,575000
--,Ryan Tepera,TOR,RP,"$574,700",1 (2018),"$574,700","$574,700",1,2018,2018,574700,574700,574700
--,Jesse Hahn,KC,SP,"$574,000",1 (2018),"$574,000","$574,000",1,2018,2018,574000,574000,574000
--,Brian Flynn,KC,RP,"$573,500",1 (2018),"$573,500","$573,500",1,2018,2018,573500,573500,573500
--,Cheslor Cuthbert,KC,3B,"$573,500",1 (2018),"$573,500","$573,500",1,2018,2018,573500,573500,573500
--,Aaron Nola,PHI,SP,"$573,000",1 (2018),"$573,000","$573,000",1,2018,2018,573000,573000,573000
--,Josh Bell,PIT,1B,"$572,500",1 (2018),"$572,500","$572,500",1,2018,2018,572500,572500,572500
--,Domingo Santana,MIL,OF,"$572,400",1 (2018),"$572,400","$572,400",1,2018,2018,572400,572400,572400
--,Zach Davies,MIL,SP,"$572,000",1 (2018),"$572,000","$572,000",1,2018,2018,572000,572000,572000
--,Adam Frazier,PIT,OF,"$571,000",1 (2018),"$571,000","$571,000",1,2018,2018,571000,571000,571000
--,Jameson Taillon,PIT,SP,"$571,000",1 (2018),"$571,000","$571,000",1,2018,2018,571000,571000,571000
--,Joe Musgrove,PIT,SP,"$571,000",1 (2018),"$571,000","$571,000",1,2018,2018,571000,571000,571000
--,Edwin Diaz,SEA,RP,"$570,800",1 (2018),"$570,800","$570,800",1,2018,2018,570800,570800,570800
--,Chad Green,NYY,RP,"$570,800",1 (2018),"$570,800","$570,800",1,2018,2018,570800,570800,570800
--,Eddie Butler,CHC,RP,"$570,750",1 (2018),"$570,750","$570,750",1,2018,2018,570750,570750,570750
--,Chad Kuhl,PIT,SP,"$570,500",1 (2018),"$570,500","$570,500",1,2018,2018,570500,570500,570500
--,Josh Smoker,PIT,RP,"$570,500",1 (2018),"$570,500","$570,500",1,2018,2018,570500,570500,570500
--,Tommy Pham,STL,OF,"$570,100",1 (2018),"$570,100","$570,100",1,2018,2018,570100,570100,570100
--,Ian Happ,CHC,OF,"$570,000",1 (2018),"$570,000","$570,000",1,2018,2018,570000,570000,570000
--,Jose Peraza,CIN,SS,"$570,000",1 (2018),"$570,000","$570,000",1,2018,2018,570000,570000,570000
--,Jose Berrios,MIN,SP,"$570,000",1 (2018),"$570,000","$570,000",1,2018,2018,570000,570000,570000
--,Matt Davidson,CWS,DH,"$570,000",1 (2018),"$570,000","$570,000",1,2018,2018,570000,570000,570000
--,Greg Garcia,STL,3B,"$569,600",1 (2018),"$569,600","$569,600",1,2018,2018,569600,569600,569600
--,Trevor Williams,PIT,SP,"$569,500",1 (2018),"$569,500","$569,500",1,2018,2018,569500,569500,569500
--,Whit Merrifield,KC,2B,"$569,500",1 (2018),"$569,500","$569,500",1,2018,2018,569500,569500,569500
--,Paulo Orlando,KC,OF,"$568,500",1 (2018),"$568,500","$568,500",1,2018,2018,568500,568500,568500
--,Alex Claudio,TEX,RP,"$568,450",1 (2018),"$568,450","$568,450",1,2018,2018,568450,568450,568450
--,Jerad Eickhoff,PHI,SP,"$568,000",1 (2018),"$568,000","$568,000",1,2018,2018,568000,568000,568000
--,Joe Ross,WSH,SP,"$567,900",1 (2018),"$567,900","$567,900",1,2018,2018,567900,567900,567900
--,James Hoyt,HOU,RP,"$567,700",1 (2018),"$567,700","$567,700",1,2018,2018,567700,567700,567700
--,Travis Shaw,MIL,3B,"$567,400",1 (2018),"$567,400","$567,400",1,2018,2018,567400,567400,567400
--,A.J. Schugel,PIT,RP,"$567,000",1 (2018),"$567,000","$567,000",1,2018,2018,567000,567000,567000
--,Luis Perdomo,SD,SP,"$566,800",1 (2018),"$566,800","$566,800",1,2018,2018,566800,566800,566800
--,Mychal Givens,BAL,RP,"$566,500",1 (2018),"$566,500","$566,500",1,2018,2018,566500,566500,566500
--,Matt Bowman,STL,RP,"$565,900",1 (2018),"$565,900","$565,900",1,2018,2018,565900,565900,565900
--,Dansby Swanson,ATL,SS,"$565,000",1 (2018),"$565,000","$565,000",1,2018,2018,565000,565000,565000
--,Jose Ramirez,ATL,RP,"$565,000",1 (2018),"$565,000","$565,000",1,2018,2018,565000,565000,565000
--,Preston Tucker,ATL,OF,"$565,000",1 (2018),"$565,000","$565,000",1,2018,2018,565000,565000,565000
--,Ty Blach,SF,SP,"$565,000",1 (2018),"$565,000","$565,000",1,2018,2018,565000,565000,565000
--,Enny Romero,WSH,RP,"$565,000",1 (2018),"$565,000","$565,000",1,2018,2018,565000,565000,565000
--,Taylor Rogers,MIN,RP,"$565,000",1 (2018),"$565,000","$565,000",1,2018,2018,565000,565000,565000
--,Tyler Saladino,CWS,3B,"$565,000",1 (2018),"$565,000","$565,000",1,2018,2018,565000,565000,565000
--,Tyler Naquin,CLE,OF,"$564,800",1 (2018),"$564,800","$564,800",1,2018,2018,564800,564800,564800
--,Rafael Devers,BOS,3B,"$564,500",1 (2018),"$564,500","$564,500",1,2018,2018,564500,564500,564500
--,Seth Lugo,NYM,SP,"$564,000",1 (2018),"$564,000","$564,000",1,2018,2018,564000,564000,564000
--,Nomar Mazara,TEX,OF,"$563,560",1 (2018),"$563,560","$563,560",1,2018,2018,563560,563560,563560
--,Blake Swihart,BOS,C,"$563,500",1 (2018),"$563,500","$563,500",1,2018,2018,563500,563500,563500
--,Robert Gsellman,NYM,RP,"$562,375",1 (2018),"$562,375","$562,375",1,2018,2018,562375,562375,562375
--,Matthew Boyd,DET,SP,"$562,000",1 (2018),"$562,000","$562,000",1,2018,2018,562000,562000,562000
--,Jorge Bonifacio,KC,OF,"$561,900",1 (2018),"$561,900","$561,900",1,2018,2018,561900,561900,561900
--,Danny Barnes,TOR,RP,"$561,600",1 (2018),"$561,600","$561,600",1,2018,2018,561600,561600,561600
--,Deven Marrero,ARI,SS,"$561,500",1 (2018),"$561,500","$561,500",1,2018,2018,561500,561500,561500
--,Gorkys Hernandez,SF,OF,"$561,500",1 (2018),"$561,500","$561,500",1,2018,2018,561500,561500,561500
--,Nick Goody,CLE,RP,"$561,500",1 (2018),"$561,500","$561,500",1,2018,2018,561500,561500,561500
--,Delino DeShields,TEX,OF,"$561,500",1 (2018),"$561,500","$561,500",1,2018,2018,561500,561500,561500
--,Daniel Norris,DET,SP,"$561,400",1 (2018),"$561,400","$561,400",1,2018,2018,561400,561400,561400
--,Aaron Altherr,PHI,OF,"$561,000",1 (2018),"$561,000","$561,000",1,2018,2018,561000,561000,561000
--,Jose Martinez,STL,OF,"$560,400",1 (2018),"$560,400","$560,400",1,2018,2018,560400,560400,560400
--,Mikie Mahtook,DET,OF,"$560,400",1 (2018),"$560,400","$560,400",1,2018,2018,560400,560400,560400
--,Sammy Solis,WSH,RP,"$560,300",1 (2018),"$560,300","$560,300",1,2018,2018,560300,560300,560300
--,Mitch Haniger,SEA,OF,"$560,200",1 (2018),"$560,200","$560,200",1,2018,2018,560200,560200,560200
--,Manny Pina,MIL,C,"$560,100",1 (2018),"$560,100","$560,100",1,2018,2018,560100,560100,560100
--,Kelby Tomlinson,SF,2B,"$560,000",1 (2018),"$560,000","$560,000",1,2018,2018,560000,560000,560000
--,Yadiel Rivera,MIA,3B,"$560,000",1 (2018),"$560,000","$560,000",1,2018,2018,560000,560000,560000
--,Adam Morgan,PHI,RP,"$560,000",1 (2018),"$560,000","$560,000",1,2018,2018,560000,560000,560000
--,Joey Gallo,TEX,1B,"$560,000",1 (2018),"$560,000","$560,000",1,2018,2018,560000,560000,560000
--,Kevan Smith,CWS,C,"$560,000",1 (2018),"$560,000","$560,000",1,2018,2018,560000,560000,560000
--,Omar Narvaez,CWS,C,"$560,000",1 (2018),"$560,000","$560,000",1,2018,2018,560000,560000,560000
--,Orlando Arcia,MIL,SS,"$559,600",1 (2018),"$559,600","$559,600",1,2018,2018,559600,559600,559600
--,Ryon Healy,SEA,1B,"$559,200",1 (2018),"$559,200","$559,200",1,2018,2018,559200,559200,559200
--,Clint Frazier,NYY,OF,"$559,200",1 (2018),"$559,200","$559,200",1,2018,2018,559200,559200,559200
--,Jefry Marte,LAA,1B,"$559,000",1 (2018),"$559,000","$559,000",1,2018,2018,559000,559000,559000
--,Vince Velasquez,PHI,SP,"$559,000",1 (2018),"$559,000","$559,000",1,2018,2018,559000,559000,559000
--,Elias Diaz,PIT,C,"$559,000",1 (2018),"$559,000","$559,000",1,2018,2018,559000,559000,559000
--,Jacob Barnes,MIL,RP,"$558,900",1 (2018),"$558,900","$558,900",1,2018,2018,558900,558900,558900
--,Tyler Austin,NYY,1B,"$558,600",1 (2018),"$558,600","$558,600",1,2018,2018,558600,558600,558600
--,Mike Clevinger,CLE,SP,"$558,500",1 (2018),"$558,500","$558,500",1,2018,2018,558500,558500,558500
--,Luke Maile,TOR,C,"$558,400",1 (2018),"$558,400","$558,400",1,2018,2018,558400,558400,558400
--,Matt Andriese,TB,RP,"$558,400",1 (2018),"$558,400","$558,400",1,2018,2018,558400,558400,558400
--,Blake Snell,TB,SP,"$558,200",1 (2018),"$558,200","$558,200",1,2018,2018,558200,558200,558200
--,Ben Gamel,SEA,OF,"$558,100",1 (2018),"$558,100","$558,100",1,2018,2018,558100,558100,558100
--,Rafael Montero,NYM,RP,"$558,025",1 (2018),"$558,025","$558,025",1,2018,2018,558025,558025,558025
--,John Ryan Murphy,ARI,C,"$558,000",1 (2018),"$558,000","$558,000",1,2018,2018,558000,558000,558000
--,Josh Osich,SF,RP,"$558,000",1 (2018),"$558,000","$558,000",1,2018,2018,558000,558000,558000
--,Gregory Infante,CWS,RP,"$558,000",1 (2018),"$558,000","$558,000",1,2018,2018,558000,558000,558000
--,Juan Minaya,CWS,RP,"$558,000",1 (2018),"$558,000","$558,000",1,2018,2018,558000,558000,558000
--,Wilmer Difo,WSH,2B,"$557,900",1 (2018),"$557,900","$557,900",1,2018,2018,557900,557900,557900
--,Dovydas Neverauskas,PIT,RP,"$557,500",1 (2018),"$557,500","$557,500",1,2018,2018,557500,557500,557500
--,Wandy Peralta,CIN,RP,"$557,500",1 (2018),"$557,500","$557,500",1,2018,2018,557500,557500,557500
--,Kevin Plawecki,NYM,C,"$557,471",1 (2018),"$557,471","$557,471",1,2018,2018,557471,557471,557471
--,Jesus Aguilar,MIL,1B,"$557,200",1 (2018),"$557,200","$557,200",1,2018,2018,557200,557200,557200
--,Max Stassi,HOU,C,"$557,100",1 (2018),"$557,100","$557,100",1,2018,2018,557100,557100,557100
--,Matt Grace,WSH,RP,"$557,000",1 (2018),"$557,000","$557,000",1,2018,2018,557000,557000,557000
--,Steven Brault,PIT,RP,"$557,000",1 (2018),"$557,000","$557,000",1,2018,2018,557000,557000,557000
--,Manuel Margot,SD,OF,"$556,900",1 (2018),"$556,900","$556,900",1,2018,2018,556900,556900,556900
--,Brent Suter,MIL,SP,"$556,500",1 (2018),"$556,500","$556,500",1,2018,2018,556500,556500,556500
--,Josh Hader,MIL,RP,"$556,500",1 (2018),"$556,500","$556,500",1,2018,2018,556500,556500,556500
--,Trey Mancini,BAL,OF,"$556,500",1 (2018),"$556,500","$556,500",1,2018,2018,556500,556500,556500
--,Edgar Santana,PIT,RP,"$556,500",1 (2018),"$556,500","$556,500",1,2018,2018,556500,556500,556500
--,Tyler Glasnow,PIT,RP,"$556,500",1 (2018),"$556,500","$556,500",1,2018,2018,556500,556500,556500
--,Jandel Gustave,HOU,RP,"$556,400",1 (2018),"$556,400","$556,400",1,2018,2018,556400,556400,556400
--,Jose Pirela,SD,OF,"$556,200",1 (2018),"$556,200","$556,200",1,2018,2018,556200,556200,556200
--,Richard Bleier,BAL,RP,"$556,000",1 (2018),"$556,000","$556,000",1,2018,2018,556000,556000,556000
--,Brandon Nimmo,NYM,OF,"$555,968",1 (2018),"$555,968","$555,968",1,2018,2018,555968,555968,555968
--,Matt Bush,TEX,RP,"$555,950",1 (2018),"$555,950","$555,950",1,2018,2018,555950,555950,555950
--,Dinelson Lamet,SD,SP,"$555,700",1 (2018),"$555,700","$555,700",1,2018,2018,555700,555700,555700
--,Colin Rea,SD,SP,"$555,600",1 (2018),"$555,600","$555,600",1,2018,2018,555600,555600,555600
--,A.J. Cole,WSH,SP,"$555,300",1 (2018),"$555,300","$555,300",1,2018,2018,555300,555300,555300
--,Ryan Buchter,OAK,RP,"$555,000",1 (2018),"$555,000","$555,000",1,2018,2018,555000,555000,555000
--,Ryan Dull,OAK,RP,"$555,000",1 (2018),"$555,000","$555,000",1,2018,2018,555000,555000,555000
--,A.J. Minter,ATL,RP,"$555,000",1 (2018),"$555,000","$555,000",1,2018,2018,555000,555000,555000
--,Johan Camargo,ATL,3B,"$555,000",1 (2018),"$555,000","$555,000",1,2018,2018,555000,555000,555000
--,Luiz Gohara,ATL,SP,"$555,000",1 (2018),"$555,000","$555,000",1,2018,2018,555000,555000,555000
--,Ozzie Albies,ATL,2B,"$555,000",1 (2018),"$555,000","$555,000",1,2018,2018,555000,555000,555000
--,Sean Newcomb,ATL,SP,"$555,000",1 (2018),"$555,000","$555,000",1,2018,2018,555000,555000,555000
--,Shane Carle,ATL,RP,"$555,000",1 (2018),"$555,000","$555,000",1,2018,2018,555000,555000,555000
--,Austin Barnes,LAD,C,"$555,000",1 (2018),"$555,000","$555,000",1,2018,2018,555000,555000,555000
--,Ross Stripling,LAD,RP,"$555,000",1 (2018),"$555,000","$555,000",1,2018,2018,555000,555000,555000
--,Scott Alexander,LAD,RP,"$555,000",1 (2018),"$555,000","$555,000",1,2018,2018,555000,555000,555000
--,Jarlin Garcia,MIA,SP,"$555,000",1 (2018),"$555,000","$555,000",1,2018,2018,555000,555000,555000
--,Phillip Evans,NYM,3B,"$555,000",1 (2018),"$555,000","$555,000",1,2018,2018,555000,555000,555000
--,Trevor Gott,WSH,RP,"$555,000",1 (2018),"$555,000","$555,000",1,2018,2018,555000,555000,555000
--,Jake Faria,TB,SP,"$555,000",1 (2018),"$555,000","$555,000",1,2018,2018,555000,555000,555000
--,Luis Castillo,CIN,SP,"$555,000",1 (2018),"$555,000","$555,000",1,2018,2018,555000,555000,555000
--,Jon Gray,COL,SP,"$555,000",1 (2018),"$555,000","$555,000",1,2018,2018,555000,555000,555000
--,Scott Oberg,COL,RP,"$555,000",1 (2018),"$555,000","$555,000",1,2018,2018,555000,555000,555000
--,Trevor Story,COL,SS,"$555,000",1 (2018),"$555,000","$555,000",1,2018,2018,555000,555000,555000
--,Tyler Anderson,COL,SP,"$555,000",1 (2018),"$555,000","$555,000",1,2018,2018,555000,555000,555000
--,Trevor Hildenberger,MIN,RP,"$555,000",1 (2018),"$555,000","$555,000",1,2018,2018,555000,555000,555000
--,Lucas Giolito,CWS,SP,"$555,000",1 (2018),"$555,000","$555,000",1,2018,2018,555000,555000,555000
--,Reynaldo Lopez,CWS,SP,"$555,000",1 (2018),"$555,000","$555,000",1,2018,2018,555000,555000,555000
--,Yoan Moncada,CWS,2B,"$555,000",1 (2018),"$555,000","$555,000",1,2018,2018,555000,555000,555000
--,Buck Farmer,DET,RP,"$554,800",1 (2018),"$554,800","$554,800",1,2018,2018,554800,554800,554800
--,Sam Tuivailala,STL,RP,"$554,600",1 (2018),"$554,600","$554,600",1,2018,2018,554600,554600,554600
--,Derek Fisher,HOU,OF,"$554,400",1 (2018),"$554,400","$554,400",1,2018,2018,554400,554400,554400
--,Oliver Drake,MIL,RP,"$554,300",1 (2018),"$554,300","$554,300",1,2018,2018,554300,554300,554300
--,Jakob Junis,KC,SP,"$554,250",1 (2018),"$554,250","$554,250",1,2018,2018,554250,554250,554250
--,Edubray Ramos,PHI,RP,"$554,000",1 (2018),"$554,000","$554,000",1,2018,2018,554000,554000,554000
--,Marco Hernandez,BOS,SS,"$554,000",1 (2018),"$554,000","$554,000",1,2018,2018,554000,554000,554000
--,James Pazos,SEA,RP,"$553,900",1 (2018),"$553,900","$553,900",1,2018,2018,553900,553900,553900
--,Brian Goodwin,WSH,OF,"$553,900",1 (2018),"$553,900","$553,900",1,2018,2018,553900,553900,553900
--,Jonathan Holder,NYY,RP,"$553,850",1 (2018),"$553,850","$553,850",1,2018,2018,553850,553850,553850
--,Hunter Renfroe,SD,OF,"$553,800",1 (2018),"$553,800","$553,800",1,2018,2018,553800,553800,553800
--,Dixon Machado,DET,2B,"$553,600",1 (2018),"$553,600","$553,600",1,2018,2018,553600,553600,553600
--,Mike Wright Jr.,BAL,SP,"$553,500",1 (2018),"$553,500","$553,500",1,2018,2018,553500,553500,553500
--,Paul Sewald,NYM,RP,"$553,250",1 (2018),"$553,250","$553,250",1,2018,2018,553250,553250,553250
--,Austin Hedges,SD,C,"$553,100",1 (2018),"$553,100","$553,100",1,2018,2018,553100,553100,553100
--,Miguel Castro,BAL,RP,"$553,000",1 (2018),"$553,000","$553,000",1,2018,2018,553000,553000,553000
--,Nick Williams,PHI,OF,"$553,000",1 (2018),"$553,000","$553,000",1,2018,2018,553000,553000,553000
--,Mallex Smith,TB,OF,"$553,000",1 (2018),"$553,000","$553,000",1,2018,2018,553000,553000,553000
--,Nicky Delmonico,CWS,OF,"$553,000",1 (2018),"$553,000","$553,000",1,2018,2018,553000,553000,553000
--,Bryan Mitchell,SD,SP,"$552,800",1 (2018),"$552,800","$552,800",1,2018,2018,552800,552800,552800
--,Matt Strahm,SD,SP,"$552,700",1 (2018),"$552,700","$552,700",1,2018,2018,552700,552700,552700
--,Chris Stratton,SF,SP,"$552,500",1 (2018),"$552,500","$552,500",1,2018,2018,552500,552500,552500
--,Rhys Hoskins,PHI,OF,"$552,500",1 (2018),"$552,500","$552,500",1,2018,2018,552500,552500,552500
--,Rob Refsnyder,TB,2B,"$552,500",1 (2018),"$552,500","$552,500",1,2018,2018,552500,552500,552500
--,Burch Smith,KC,RP,"$552,450",1 (2018),"$552,450","$552,450",1,2018,2018,552450,552450,552450
--,Jose Leclerc,TEX,RP,"$552,300",1 (2018),"$552,300","$552,300",1,2018,2018,552300,552300,552300
--,Dalton Pompey,TOR,OF,"$552,000",1 (2018),"$552,000","$552,000",1,2018,2018,552000,552000,552000
--,Austin Maddox,BOS,RP,"$552,000",1 (2018),"$552,000","$552,000",1,2018,2018,552000,552000,552000
--,Daniel Stumpf,DET,RP,"$552,000",1 (2018),"$552,000","$552,000",1,2018,2018,552000,552000,552000
--,Adam Engel,CWS,OF,"$552,000",1 (2018),"$552,000","$552,000",1,2018,2018,552000,552000,552000
--,Carson Fulmer,CWS,SP,"$552,000",1 (2018),"$552,000","$552,000",1,2018,2018,552000,552000,552000
--,Koda Glover,WSH,RP,"$551,700",1 (2018),"$551,700","$551,700",1,2018,2018,551700,551700,551700
--,Alex Dickerson,SD,OF,"$551,600",1 (2018),"$551,600","$551,600",1,2018,2018,551600,551600,551600
--,Alex Meyer,LAA,SP,"$551,500",1 (2018),"$551,500","$551,500",1,2018,2018,551500,551500,551500
--,Drew VerHagen,DET,RP,"$551,400",1 (2018),"$551,400","$551,400",1,2018,2018,551400,551400,551400
--,John Hicks,DET,C,"$551,300",1 (2018),"$551,300","$551,300",1,2018,2018,551300,551300,551300
--,Tyler Wade,NYY,OF,"$551,300",1 (2018),"$551,300","$551,300",1,2018,2018,551300,551300,551300
--,Bradley Zimmer,CLE,OF,"$551,200",1 (2018),"$551,200","$551,200",1,2018,2018,551200,551200,551200
--,Keynan Middleton,LAA,RP,"$551,000",1 (2018),"$551,000","$551,000",1,2018,2018,551000,551000,551000
--,Nick Pivetta,PHI,SP,"$551,000",1 (2018),"$551,000","$551,000",1,2018,2018,551000,551000,551000
--,Luke Weaver,STL,SP,"$550,800",1 (2018),"$550,800","$550,800",1,2018,2018,550800,550800,550800
--,Jett Bandy,MIL,C,"$550,700",1 (2018),"$550,700","$550,700",1,2018,2018,550700,550700,550700
--,Warwick Saupold,DET,RP,"$550,400",1 (2018),"$550,400","$550,400",1,2018,2018,550400,550400,550400
--,Marco Gonzales,SEA,SP,"$550,300",1 (2018),"$550,300","$550,300",1,2018,2018,550300,550300,550300
--,Austin Pruitt,TB,RP,"$550,200",1 (2018),"$550,200","$550,200",1,2018,2018,550200,550200,550200
--,J.D. Davis,HOU,3B,"$550,100",1 (2018),"$550,100","$550,100",1,2018,2018,550100,550100,550100
--,Brandon Woodruff,MIL,SP,"$550,100",1 (2018),"$550,100","$550,100",1,2018,2018,550100,550100,550100
--,Carlos Asuaje,SD,2B,"$550,100",1 (2018),"$550,100","$550,100",1,2018,2018,550100,550100,550100
--,Andrew Triggs,OAK,SP,"$550,000",1 (2018),"$550,000","$550,000",1,2018,2018,550000,550000,550000
--,Bruce Maxwell,OAK,C,"$550,000",1 (2018),"$550,000","$550,000",1,2018,2018,550000,550000,550000
--,Chad Pinder,OAK,SS,"$550,000",1 (2018),"$550,000","$550,000",1,2018,2018,550000,550000,550000
--,Daniel Coulombe,OAK,RP,"$550,000",1 (2018),"$550,000","$550,000",1,2018,2018,550000,550000,550000
--,Jharel Cotton,OAK,SP,"$550,000",1 (2018),"$550,000","$550,000",1,2018,2018,550000,550000,550000
--,Sean Manaea,OAK,SP,"$550,000",1 (2018),"$550,000","$550,000",1,2018,2018,550000,550000,550000
--,J.T. Chargois,LAD,RP,"$550,000",1 (2018),"$550,000","$550,000",1,2018,2018,550000,550000,550000
--,Julio Urias,LAD,SP,"$550,000",1 (2018),"$550,000","$550,000",1,2018,2018,550000,550000,550000
--,Wilmer Font,LAD,RP,"$550,000",1 (2018),"$550,000","$550,000",1,2018,2018,550000,550000,550000
--,Roberto E Gomez,SF,RP,"$550,000",1 (2018),"$550,000","$550,000",1,2018,2018,550000,550000,550000
--,Ben Lively,PHI,SP,"$550,000",1 (2018),"$550,000","$550,000",1,2018,2018,550000,550000,550000
--,Colin Moran,PIT,3B,"$550,000",1 (2018),"$550,000","$550,000",1,2018,2018,550000,550000,550000
--,Antonio Senzatela,COL,RP,"$550,000",1 (2018),"$550,000","$550,000",1,2018,2018,550000,550000,550000
--,Carlos Estevez,COL,RP,"$550,000",1 (2018),"$550,000","$550,000",1,2018,2018,550000,550000,550000
--,German Marquez,COL,SP,"$550,000",1 (2018),"$550,000","$550,000",1,2018,2018,550000,550000,550000
--,Kyle Freeland,COL,SP,"$550,000",1 (2018),"$550,000","$550,000",1,2018,2018,550000,550000,550000
--,Pat Valaika,COL,SS,"$550,000",1 (2018),"$550,000","$550,000",1,2018,2018,550000,550000,550000
--,Tony Wolters,COL,C,"$550,000",1 (2018),"$550,000","$550,000",1,2018,2018,550000,550000,550000
--,Dan Altavilla,SEA,RP,"$549,900",1 (2018),"$549,900","$549,900",1,2018,2018,549900,549900,549900
--,Jose Alvarado,TB,RP,"$549,800",1 (2018),"$549,800","$549,800",1,2018,2018,549800,549800,549800
--,Mark Leiter,PHI,RP,"$549,500",1 (2018),"$549,500","$549,500",1,2018,2018,549500,549500,549500
--,JaCoby Jones,DET,OF,"$549,400",1 (2018),"$549,400","$549,400",1,2018,2018,549400,549400,549400
--,Gabriel Ynoa,BAL,SP,"$549,000",1 (2018),"$549,000","$549,000",1,2018,2018,549000,549000,549000
--,Jake Thompson,PHI,RP,"$549,000",1 (2018),"$549,000","$549,000",1,2018,2018,549000,549000,549000
--,Aaron Bummer,CWS,RP,"$549,000",1 (2018),"$549,000","$549,000",1,2018,2018,549000,549000,549000
--,Amed Rosario,NYM,SS,"$548,940",1 (2018),"$548,940","$548,940",1,2018,2018,548940,548940,548940
--,Johnny Barbato,DET,RP,"$548,600",1 (2018),"$548,600","$548,600",1,2018,2018,548600,548600,548600
--,Noe Ramirez,LAA,RP,"$548,500",1 (2018),"$548,500","$548,500",1,2018,2018,548500,548500,548500
--,Allen Cordoba,SD,2B,"$548,500",1 (2018),"$548,500","$548,500",1,2018,2018,548500,548500,548500
--,Christian Villanueva,SD,3B,"$548,500",1 (2018),"$548,500","$548,500",1,2018,2018,548500,548500,548500
--,Giovanny Urshela,CLE,3B,"$548,300",1 (2018),"$548,300","$548,300",1,2018,2018,548300,548300,548300
--,Tyler Olson,CLE,RP,"$548,300",1 (2018),"$548,300","$548,300",1,2018,2018,548300,548300,548300
--,Daniel Robertson,TB,SS,"$548,300",1 (2018),"$548,300","$548,300",1,2018,2018,548300,548300,548300
--,Jeimer Candelario,DET,3B,"$548,300",1 (2018),"$548,300","$548,300",1,2018,2018,548300,548300,548300
--,Andrew Kittredge,TB,RP,"$548,100",1 (2018),"$548,100","$548,100",1,2018,2018,548100,548100,548100
--,Andrew Knapp,PHI,C,"$548,000",1 (2018),"$548,000","$548,000",1,2018,2018,548000,548000,548000
--,Hoby Milner,PHI,RP,"$548,000",1 (2018),"$548,000","$548,000",1,2018,2018,548000,548000,548000
--,Brian Johnson,BOS,SP,"$548,000",1 (2018),"$548,000","$548,000",1,2018,2018,548000,548000,548000
--,Drew Robinson,TEX,OF,"$547,990",1 (2018),"$547,990","$547,990",1,2018,2018,547990,547990,547990
--,Erik Gonzalez,CLE,SS,"$547,800",1 (2018),"$547,800","$547,800",1,2018,2018,547800,547800,547800
--,Gift Ngoepe,TOR,2B,"$547,600",1 (2018),"$547,600","$547,600",1,2018,2018,547600,547600,547600
--,Boog Powell,OAK,OF,"$547,500",1 (2018),"$547,500","$547,500",1,2018,2018,547500,547500,547500
--,Daniel Gossett,OAK,SP,"$547,500",1 (2018),"$547,500","$547,500",1,2018,2018,547500,547500,547500
--,Daniel Mengden,OAK,SP,"$547,500",1 (2018),"$547,500","$547,500",1,2018,2018,547500,547500,547500
--,Emilio Pagan,OAK,RP,"$547,500",1 (2018),"$547,500","$547,500",1,2018,2018,547500,547500,547500
--,Matt Chapman,OAK,3B,"$547,500",1 (2018),"$547,500","$547,500",1,2018,2018,547500,547500,547500
--,Matt Olson,OAK,1B,"$547,500",1 (2018),"$547,500","$547,500",1,2018,2018,547500,547500,547500
--,Paul Blackburn,OAK,SP,"$547,500",1 (2018),"$547,500","$547,500",1,2018,2018,547500,547500,547500
--,Victor Caratini,CHC,C,"$547,500",1 (2018),"$547,500","$547,500",1,2018,2018,547500,547500,547500
--,Kyle Farmer,LAD,C,"$547,500",1 (2018),"$547,500","$547,500",1,2018,2018,547500,547500,547500
--,Amir Garrett,CIN,SP,"$547,500",1 (2018),"$547,500","$547,500",1,2018,2018,547500,547500,547500
--,Austin Brice,CIN,RP,"$547,500",1 (2018),"$547,500","$547,500",1,2018,2018,547500,547500,547500
--,Cody Reed,CIN,RP,"$547,500",1 (2018),"$547,500","$547,500",1,2018,2018,547500,547500,547500
--,Mitch Garver,MIN,C,"$547,500",1 (2018),"$547,500","$547,500",1,2018,2018,547500,547500,547500
--,Joe Jimenez,DET,RP,"$547,200",1 (2018),"$547,200","$547,200",1,2018,2018,547200,547200,547200
--,Raul Mondesi,KC,2B,"$547,125",1 (2018),"$547,125","$547,125",1,2018,2018,547125,547125,547125
--,Jorge Alfaro,PHI,C,"$547,000",1 (2018),"$547,000","$547,000",1,2018,2018,547000,547000,547000
--,Ricardo Rodriguez,TEX,RP,"$547,000",1 (2018),"$547,000","$547,000",1,2018,2018,547000,547000,547000
--,Hector Velazquez,BOS,SP,"$547,000",1 (2018),"$547,000","$547,000",1,2018,2018,547000,547000,547000
--,Jeff Hoffman,COL,SP,"$547,000",1 (2018),"$547,000","$547,000",1,2018,2018,547000,547000,547000
--,Mike Tauchman,COL,OF,"$547,000",1 (2018),"$547,000","$547,000",1,2018,2018,547000,547000,547000
--,Ryan McMahon,COL,1B,"$547,000",1 (2018),"$547,000","$547,000",1,2018,2018,547000,547000,547000
--,Kyle McGrath,SD,RP,"$546,900",1 (2018),"$546,900","$546,900",1,2018,2018,546900,546900,546900
--,Joey Wendle,TB,2B,"$546,900",1 (2018),"$546,900","$546,900",1,2018,2018,546900,546900,546900
--,Dominic Smith,NYM,1B,"$546,800",1 (2018),"$546,800","$546,800",1,2018,2018,546800,546800,546800
--,Eric Skoglund,KC,SP,"$546,625",1 (2018),"$546,625","$546,625",1,2018,2018,546625,546625,546625
--,Anthony Santander,BAL,OF,"$546,500",1 (2018),"$546,500","$546,500",1,2018,2018,546500,546500,546500
--,Chance Sisco,BAL,C,"$546,500",1 (2018),"$546,500","$546,500",1,2018,2018,546500,546500,546500
--,Franchy Cordero,SD,OF,"$546,500",1 (2018),"$546,500","$546,500",1,2018,2018,546500,546500,546500
--,Cam Gallagher,KC,C,"$546,400",1 (2018),"$546,400","$546,400",1,2018,2018,546400,546400,546400
--,Bubba Starling,KC,OF,"$546,200",1 (2018),"$546,200","$546,200",1,2018,2018,546200,546200,546200
--,Casey Lawrence,SEA,RP,"$546,000",1 (2018),"$546,000","$546,000",1,2018,2018,546000,546000,546000
--,Raudy Read,WSH,C,"$546,000",1 (2018),"$546,000","$546,000",1,2018,2018,546000,546000,546000
--,Clayton Blackburn,TEX,SP,"$546,000",1 (2018),"$546,000","$546,000",1,2018,2018,546000,546000,546000
--,Ronald Herrera,TEX,SP,"$546,000",1 (2018),"$546,000","$546,000",1,2018,2018,546000,546000,546000
--,Ryan Merritt,CLE,RP,"$545,800",1 (2018),"$545,800","$545,800",1,2018,2018,545800,545800,545800
--,Daniel Vogelbach,SEA,1B,"$545,700",1 (2018),"$545,700","$545,700",1,2018,2018,545700,545700,545700
--,Mike Marjama,SEA,C,"$545,700",1 (2018),"$545,700","$545,700",1,2018,2018,545700,545700,545700
--,Jacob Rhame,NYM,RP,"$545,650",1 (2018),"$545,650","$545,650",1,2018,2018,545650,545650,545650
--,Alex Reyes,STL,SP,"$545,600",1 (2018),"$545,600","$545,600",1,2018,2018,545600,545600,545600
--,Jose De Leon,TB,RP,"$545,600",1 (2018),"$545,600","$545,600",1,2018,2018,545600,545600,545600
--,Reyes Moronta,SF,RP,"$545,500",1 (2018),"$545,500","$545,500",1,2018,2018,545500,545500,545500
--,J.P. Crawford,PHI,SS,"$545,500",1 (2018),"$545,500","$545,500",1,2018,2018,545500,545500,545500
--,Victor Arano,PHI,RP,"$545,500",1 (2018),"$545,500","$545,500",1,2018,2018,545500,545500,545500
--,Anthony Alford,TOR,OF,"$545,400",1 (2018),"$545,400","$545,400",1,2018,2018,545400,545400,545400
--,Luke Bard,LAA,RP,"$545,000",1 (2018),"$545,000","$545,000",1,2018,2018,545000,545000,545000
--,Brady Rodgers,HOU,SP,"$545,000",1 (2018),"$545,000","$545,000",1,2018,2018,545000,545000,545000
--,Dean Deetz,HOU,SP,"$545,000",1 (2018),"$545,000","$545,000",1,2018,2018,545000,545000,545000
--,Renato Nunez,OAK,OF,"$545,000",1 (2018),"$545,000","$545,000",1,2018,2018,545000,545000,545000
--,Thomas Pannone,TOR,SP,"$545,000",1 (2018),"$545,000","$545,000",1,2018,2018,545000,545000,545000
--,Jack Flaherty,STL,SP,"$545,000",1 (2018),"$545,000","$545,000",1,2018,2018,545000,545000,545000
--,Jordan Hicks,STL,RP,"$545,000",1 (2018),"$545,000","$545,000",1,2018,2018,545000,545000,545000
--,Mike Mayers,STL,RP,"$545,000",1 (2018),"$545,000","$545,000",1,2018,2018,545000,545000,545000
--,Yairo Munoz,STL,SS,"$545,000",1 (2018),"$545,000","$545,000",1,2018,2018,545000,545000,545000
--,Julian Fernandez,SF,RP,"$545,000",1 (2018),"$545,000","$545,000",1,2018,2018,545000,545000,545000
--,Pierce Johnson,SF,RP,"$545,000",1 (2018),"$545,000","$545,000",1,2018,2018,545000,545000,545000
--,Cody Anderson,CLE,SP,"$545,000",1 (2018),"$545,000","$545,000",1,2018,2018,545000,545000,545000
--,Brian Anderson,MIA,3B,"$545,000",1 (2018),"$545,000","$545,000",1,2018,2018,545000,545000,545000
--,Chad Wallach,MIA,C,"$545,000",1 (2018),"$545,000","$545,000",1,2018,2018,545000,545000,545000
--,Garrett Cooper,MIA,1B,"$545,000",1 (2018),"$545,000","$545,000",1,2018,2018,545000,545000,545000
--,JT Riddle,MIA,SS,"$545,000",1 (2018),"$545,000","$545,000",1,2018,2018,545000,545000,545000
--,Lewis Brinson,MIA,OF,"$545,000",1 (2018),"$545,000","$545,000",1,2018,2018,545000,545000,545000
--,Tayron Guerrero,MIA,RP,"$545,000",1 (2018),"$545,000","$545,000",1,2018,2018,545000,545000,545000
--,Tomas Telis,MIA,C,"$545,000",1 (2018),"$545,000","$545,000",1,2018,2018,545000,545000,545000
--,Nestor Cortes,BAL,RP,"$545,000",1 (2018),"$545,000","$545,000",1,2018,2018,545000,545000,545000
--,Pedro Araujo,BAL,RP,"$545,000",1 (2018),"$545,000","$545,000",1,2018,2018,545000,545000,545000
--,Adam Cimber,SD,RP,"$545,000",1 (2018),"$545,000","$545,000",1,2018,2018,545000,545000,545000
--,Nick Burdi,PIT,RP,"$545,000",1 (2018),"$545,000","$545,000",1,2018,2018,545000,545000,545000
--,Nik Turley,PIT,RP,"$545,000",1 (2018),"$545,000","$545,000",1,2018,2018,545000,545000,545000
--,Carlos Tocci,TEX,OF,"$545,000",1 (2018),"$545,000","$545,000",1,2018,2018,545000,545000,545000
--,Joe Palumbo,TEX,SP,"$545,000",1 (2018),"$545,000","$545,000",1,2018,2018,545000,545000,545000
--,Ryan Yarbrough,TB,RP,"$545,000",1 (2018),"$545,000","$545,000",1,2018,2018,545000,545000,545000
--,Yonny Chirinos,TB,RP,"$545,000",1 (2018),"$545,000","$545,000",1,2018,2018,545000,545000,545000
--,Bobby Poyner,BOS,RP,"$545,000",1 (2018),"$545,000","$545,000",1,2018,2018,545000,545000,545000
--,Marcus Walden,BOS,RP,"$545,000",1 (2018),"$545,000","$545,000",1,2018,2018,545000,545000,545000
--,Jackson Stephens,CIN,RP,"$545,000",1 (2018),"$545,000","$545,000",1,2018,2018,545000,545000,545000
--,Jesse Winker,CIN,OF,"$545,000",1 (2018),"$545,000","$545,000",1,2018,2018,545000,545000,545000
--,Kevin Shackelford,CIN,RP,"$545,000",1 (2018),"$545,000","$545,000",1,2018,2018,545000,545000,545000
--,Phillip Ervin,CIN,OF,"$545,000",1 (2018),"$545,000","$545,000",1,2018,2018,545000,545000,545000
--,Rookie Davis,CIN,SP,"$545,000",1 (2018),"$545,000","$545,000",1,2018,2018,545000,545000,545000
--,Sal Romano,CIN,SP,"$545,000",1 (2018),"$545,000","$545,000",1,2018,2018,545000,545000,545000
--,Tyler Mahle,CIN,SP,"$545,000",1 (2018),"$545,000","$545,000",1,2018,2018,545000,545000,545000
--,Zack Weiss,CIN,RP,"$545,000",1 (2018),"$545,000","$545,000",1,2018,2018,545000,545000,545000
--,Rayan Gonzalez,COL,RP,"$545,000",1 (2018),"$545,000","$545,000",1,2018,2018,545000,545000,545000
--,Brad Keller,KC,RP,"$545,000",1 (2018),"$545,000","$545,000",1,2018,2018,545000,545000,545000
--,Tim Hill,KC,RP,"$545,000",1 (2018),"$545,000","$545,000",1,2018,2018,545000,545000,545000
--,Victor Reyes,DET,OF,"$545,000",1 (2018),"$545,000","$545,000",1,2018,2018,545000,545000,545000
--,Gabriel Moya,MIN,RP,"$545,000",1 (2018),"$545,000","$545,000",1,2018,2018,545000,545000,545000
--,Tyler Kinley,MIN,RP,"$545,000",1 (2018),"$545,000","$545,000",1,2018,2018,545000,545000,545000
